Workbook

Sheet 一晒过后删除片段见重复值
A1: 0 | B1: 注释 | C1: target | D1: 匹配度分数 | E1: 1 | F1: RT | G1: 2 | H1: 3 | I1: 4 | J1: 5 | K1: 6 | L1: 7 | M1: 8
A2: 9 | B2: CAEP(d14:2/12:3) | C2: 525.3441 | D2: 0.88 | E2: CAEP(d26:5) | F2: 3.418 | G2: 15024 | H2: [507.3351, 126.0333, 242.2071, 489.3279, 224.1987, 206.1879, 400.3121] | I2: [886.3094, 413.6825, 330.3465, 305.1225, 290.0363, 265.9185, 173.0513] | J2: ['CAEP(d26:5)-1H2O', '[C2H8NO3P+H]+', 'd14:2+2OH', 'CAEP(d26:5)-2H2O', 'd14:2+OH', 'd14:2', 'CAEP(d26:5)-C2H8NO3P'] | K2: 2664.467 | L2: 88 | M2: 1 | N2: #N/A
A3: 16 | B3: CAEP(d14:3/15:0) | C3: 571.4273 | D3: 0.62 | E3: CAEP(d29:3) | F3: 5.283 | G3: 264846 | H3: [553.4244, 222.1835, 204.1763, 535.4133, 240.1936] | I3: [180.0, 145.1635, 116.8929, 81.7788, 64.1607] | J3: ['CAEP(d29:3)-1H2O', 'd14:3+OH', 'd14:3', 'CAEP(d29:3)-2H2O', 'd14:3+2OH'] | K3: 587.9959 | L3: 62 | M3: 1 | N3: #N/A
A4: 37 | B4: CAEP(d14:3/21:3)(2OH) | C4: 665.4654 | D4: 0.75 | E4: CAEP(d35:6)(2OH) | F4: 12.46 | G4: 12180 | H4: [647.4542, 647.4542, 540.4346, 540.4346, 629.4525, 629.4525] | I4: [41.2404, 41.2404, 37.0833, 37.0833, 21.25, 21.25] | J4: ['CAEP(d35:6)(2OH)-1H2O', 'CAEP(d35:6)(2OH)-1H2O', 'CAEP(d35:6)(2OH)-C2H8NO3P', 'CAEP(d35:6)(2OH)-C2H8NO3P', 'CAEP(d35:6)(2OH)-2H2O', 'CAEP(d35:6)(2OH)-2H2O'] | K4: 199.1474 | L4: 75 | M4: 1 | N4: #N/A
A5: 56 | B5: CAEP(d14:3/21:4) | C5: 647.4587 | D5: 0.5 | E5: CAEP(d35:7) | F5: 11.478 | G5: 135914 | H5: [240.1927, 629.4434, 204.1709, 222.1838] | I5: [308.0312, 196.3472, 59.0, 44.0833] | J5: ['d14:3+2OH', 'CAEP(d35:7)-1H2O', 'd14:3', 'd14:3+OH'] | K5: 607.4617 | L5: 40 | M5: 0.59 | N5: #N/A
A6: 97 | B6: CAEP(d14:3/25:4) | C6: 703.5164 | D6: 0.5 | E6: CAEP(d39:7) | F6: 6.942 | G6: 159861 | H6: [685.4972, 204.1732, 240.1965, 667.4903] | I6: [540.1639, 237.2426, 170.4133, 86.125] | J6: ['CAEP(d39:7)-1H2O', 'd14:3', 'd14:3+2OH', 'CAEP(d39:7)-2H2O'] | K6: 1033.9448 | L6: 50 | M6: 1 | N6: #N/A
A7: 10 | B7: CAEP(d14:4/12:1) | C7: 525.3441 | D7: 0.88 | E7: CAEP(d26:5) | F7: 3.418 | G7: 15024 | H7: [507.3351, 126.0333, 202.1594, 489.3279, 220.1698, 238.1808, 400.3121] | I7: [886.3094, 413.6825, 325.0994, 305.1225, 201.9469, 182.656, 173.0513] | J7: ['CAEP(d26:5)-1H2O', '[C2H8NO3P+H]+', 'd14:4', 'CAEP(d26:5)-2H2O', 'd14:4+OH', 'd14:4+2OH', 'CAEP(d26:5)-C2H8NO3P'] | K7: 2487.868 | L7: 70.4 | M7: 0.93 | N7: #N/A
A8: 192 | B8: CAEP(d14:4/40:2) | C8: 915.7619 | D8: 0.5 | E8: CAEP(d54:6) | F8: 10.782 | G8: 40314 | H8: [897.7521, 897.7521, 220.1712, 202.1607] | I8: [945.3245, 945.3245, 641.8412, 160.625] | J8: ['CAEP(d54:6)-1H2O', 'CAEP(d54:6)-1H2O', 'd14:4+OH', 'd14:4'] | K8: 2693.1152 | L8: 50 | M8: 1 | N8: #N/A
A9: 38 | B9: CAEP(d15:3/20:3)(2OH) | C9: 665.4654 | D9: 0.75 | E9: CAEP(d35:6)(2OH) | F9: 12.46 | G9: 12180 | H9: [647.4542, 647.4542, 540.4346, 540.4346, 629.4525, 629.4525] | I9: [41.2404, 41.2404, 37.0833, 37.0833, 21.25, 21.25] | J9: ['CAEP(d35:6)(2OH)-1H2O', 'CAEP(d35:6)(2OH)-1H2O', 'CAEP(d35:6)(2OH)-C2H8NO3P', 'CAEP(d35:6)(2OH)-C2H8NO3P', 'CAEP(d35:6)(2OH)-2H2O', 'CAEP(d35:6)(2OH)-2H2O'] | K9: 199.1474 | L9: 75 | M9: 1 | N9: #N/A
A10: 54 | B10: CAEP(d15:3/20:4) | C10: 647.4586 | D10: 0.38 | E10: CAEP(d35:7) | F10: 15.038 | G10: 84104 | H10: [218.1885, 254.2107, 236.1996] | I10: [230.4444, 49.0625, 26.25] | J10: ['d15:3', 'd15:3+2OH', 'd15:3+OH'] | K10: 305.7569 | L10: 38 | M10: 1 | N10: #N/A
A11: 39 | B11: CAEP(d15:4/20:2)(2OH) | C11: 665.4654 | D11: 0.75 | E11: CAEP(d35:6)(2OH) | F11: 12.46 | G11: 12180 | H11: [647.4542, 647.4542, 540.4346, 540.4346, 629.4525, 629.4525] | I11: [41.2404, 41.2404, 37.0833, 37.0833, 21.25, 21.25] | J11: ['CAEP(d35:6)(2OH)-1H2O', 'CAEP(d35:6)(2OH)-1H2O', 'CAEP(d35:6)(2OH)-C2H8NO3P', 'CAEP(d35:6)(2OH)-C2H8NO3P', 'CAEP(d35:6)(2OH)-2H2O', 'CAEP(d35:6)(2OH)-2H2O'] | K11: 199.1474 | L11: 75 | M11: 1 | N11: #N/A
A12: 24 | B12: CAEP(d16:3/14:0)(2OH) | C12: 601.4384 | D12: 0.38 | E12: CAEP(d30:3)(2OH) | F12: 4.871 | G12: 22393 | H12: [250.2151, 268.2267, 583.4347] | I12: [1137.0951, 267.2656, 133.5956] | J12: ['d16:3+OH', 'd16:3+2OH', 'CAEP(d30:3)(2OH)-1H2O'] | K12: 1537.9563 | L12: 34.2 | M12: 0.82 | N12: #N/A
A13: 41 | B13: CAEP(d17:2/10:4)(2OH) | C13: 553.342 | D13: 0.62 | E13: CAEP(d27:6)(2OH) | F13: 8.117 | G13: 264846 | H13: [266.246, 248.2363, 284.2605, 535.3257, 517.3156] | I13: [4027.4604, 2861.3145, 668.1827, 72.0, 41.5] | J13: ['d17:2+OH', 'd17:2', 'd17:2+2OH', 'CAEP(d27:6)(2OH)-1H2O', 'CAEP(d27:6)(2OH)-2H2O'] | K13: 7670.4576 | L13: 55.8 | M13: 1 | N13: #N/A
A14: 128 | B14: CAEP(d17:2/35:1)(2OH) | C14: 909.7787 | D14: 0.38 | E14: CAEP(d52:3)(2OH) | F14: 22.072 | G14: 11005 | H14: [266.2522, 284.2551, 784.7514] | I14: [41.25, 34.3472, 20.3472] | J14: ['d17:2+OH', 'd17:2+2OH', 'CAEP(d52:3)(2OH)-C2H8NO3P'] | K14: 95.9444 | L14: 38 | M14: 1 | N14: #N/A
A15: 195 | B15: CAEP(d17:3/37:3) | C15: 915.762 | D15: 0.62 | E15: CAEP(d54:6) | F15: 10.07 | G15: 36199 | H15: [897.7521, 897.7521, 282.2476, 246.2264, 264.2364] | I15: [945.3245, 945.3245, 376.6039, 255.3672, 177.1157] | J15: ['CAEP(d54:6)-1H2O', 'CAEP(d54:6)-1H2O', 'd17:3+2OH', 'd17:3', 'd17:3+OH'] | K15: 2699.7358 | L15: 62 | M15: 1 | N15: CAEP(d17:3/37:3)
A16: 137 | B16: CAEP(d17:4/35:0) | C16: 891.7643 | D16: 0.62 | E16: CAEP(d52:4) | F16: 10.382 | G16: 76311 | H16: [873.7499, 244.2104, 280.2322, 855.7521, 262.2188] | I16: [802.5878, 357.2112, 201.125, 114.5, 60.3333] | J16: ['CAEP(d52:4)-1H2O', 'd17:4', 'd17:4+2OH', 'CAEP(d52:4)-2H2O', 'd17:4+OH'] | K16: 1535.7573 | L16: 62 | M16: 1 | N16: #N/A
A17: 33 | B17: CAEP(d18:1/10:2) | C17: 557.4118 | D17: 0.5 | E17: CAEP(d28:3) | F17: 4.882 | G17: 68297 | H17: [282.2788, 521.3845, 539.4088, 300.285] | I17: [259.1607, 72.0, 46.9055, 40.0625] | J17: ['d18:1+OH', 'CAEP(d28:3)-2H2O', 'CAEP(d28:3)-1H2O', 'd18:1+2OH'] | K17: 418.1287 | L17: 40 | M17: 0.72 | N17: #N/A
A18: 42 | B18: CAEP(d18:1/18:4) | C18: 665.502 | D18: 0.38 | E18: CAEP(d36:5) | F18: 11.964 | G18: 84104 | H18: [300.2885, 282.2781, 629.4778] | I18: [436.3471, 245.125, 142.0833] | J18: ['d18:1+2OH', 'd18:1+OH', 'CAEP(d36:5)-2H2O'] | K18: 823.5554 | L18: 38 | M18: 1 | N18: #N/A
A19: 86 | B19: CAEP(d18:1/33:0)(2OH) | C19: 899.7929 | D19: 0.38 | E19: CAEP(d51:1)(2OH) | F19: 15.897 | G19: 52108 | H19: [264.2691, 881.7793, 282.2756] | I19: [71.0081, 57.0, 47.3472] | J19: ['d18:1', 'CAEP(d51:1)(2OH)-1H2O', 'd18:1+OH'] | K19: 175.3553 | L19: 38 | M19: 1 | N19: #N/A
A20: 159 | B20: CAEP(d18:1/34:2) | C20: 893.7804 | D20: 0.62 | E20: CAEP(d52:3) | F20: 10.777 | G20: 9611 | H20: [875.7671, 857.7467, 264.2695, 282.2847, 300.2849] | I20: [1266.6459, 283.2, 173.5048, 162.4448, 20.875] | J20: ['CAEP(d52:3)-1H2O', 'CAEP(d52:3)-2H2O', 'd18:1', 'd18:1+OH', 'd18:1+2OH'] | K20: 1906.6705 | L20: 55.8 | M20: 0.98 | N20: #N/A
A21: 186 | B21: CAEP(d18:1/34:3)(2OH) | C21: 907.7633 | D21: 0.5 | E21: CAEP(d52:4)(2OH) | F21: 16.511 | G21: 52108 | H21: [264.2678, 282.275, 889.761, 300.2859] | I21: [181.4083, 95.45, 27.0, 27.0] | J21: ['d18:1', 'd18:1+OH', 'CAEP(d52:4)(2OH)-1H2O', 'd18:1+2OH'] | K21: 330.8583 | L21: 45 | M21: 0.49 | N21: #N/A
A22: 185 | B22: CAEP(d18:1/34:4)(2OH) | C22: 905.7477 | D22: 0.38 | E22: CAEP(d52:5)(2OH) | F22: 15.565 | G22: 16298 | H22: [264.2703, 282.275, 869.7192] | I22: [295.2268, 100.1023, 21.1607] | J22: ['d18:1', 'd18:1+OH', 'CAEP(d52:5)(2OH)-2H2O'] | K22: 416.4898 | L22: 38 | M22: 1 | N22: #N/A
A23: 75 | B23: CAEP(d18:1/36:4) | C23: 917.7802 | D23: 0.38 | E23: CAEP(d54:5) | F23: 14.725 | G23: 418864 | H23: [282.2784, 264.2705, 881.7451] | I23: [254.2667, 98.875, 94.5] | J23: ['d18:1+OH', 'd18:1', 'CAEP(d54:5)-2H2O'] | K23: 447.6417 | L23: 38 | M23: 1 | N23: #N/A
A24: 86 | B24: CAEP(d18:2/28:1)(2OH) | C24: 825.6838 | D24: 0.38 | E24: CAEP(d46:3)(2OH) | F24: 5.283 | G24: 264846 | H24: [298.2769, 807.6739, 280.2647] | I24: [286.05, 105.0, 92.654] | J24: ['d18:2+2OH', 'CAEP(d46:3)(2OH)-1H2O', 'd18:2+OH'] | K24: 483.704 | L24: 30.4 | M24: 0.62 | N24: #N/A
A25: 62 | B25: CAEP(d18:2/29:4) | C25: 817.6584 | D25: 0.5 | E25: CAEP(d47:6) | F25: 6.797 | G25: 293044 | H25: [262.2538, 280.262, 799.6517, 298.2758] | I25: [876.0143, 683.3461, 291.0153, 228.9698] | J25: ['d18:2', 'd18:2+OH', 'CAEP(d47:6)-1H2O', 'd18:2+2OH'] | K25: 2079.3455 | L25: 50 | M25: 1 | N25: #N/A
A26: 98 | B26: CAEP(d18:2/31:4) | C26: 845.6922 | D26: 0.75 | E26: CAEP(d49:6) | F26: 8.107 | G26: 87720 | H26: [262.2529, 280.2629, 298.273, 827.6862, 809.6561, 126.033] | I26: [5571.6616, 5181.4727, 2351.7107, 502.4498, 102.5568, 20.0] | J26: ['d18:2', 'd18:2+OH', 'd18:2+2OH', 'CAEP(d49:6)-1H2O', 'CAEP(d49:6)-2H2O', '[C2H8NO3P+H]+'] | K26: 13729.852 | L26: 75 | M26: 1 | N26: #N/A
A27: 168 | B27: CAEP(d18:3/34:4) | C27: 885.723 | D27: 0.5 | E27: CAEP(d52:7) | F27: 13.257 | G27: 180258 | H27: [278.2468, 296.258, 760.6964, 867.7235] | I27: [398.9698, 198.225, 160.3472, 124.3603] | J27: ['d18:3+OH', 'd18:3+2OH', 'CAEP(d52:7)-C2H8NO3P', 'CAEP(d52:7)-1H2O'] | K27: 881.9023 | L27: 50 | M27: 1 | N27: #N/A
... A49: 20 | B49: Cer(d14:0/17:4) | C49: 490.4254 | D49: 0.5 | E49: Cer(d31:4) | F49: 8.839 | G49: 538642 | H49: [228.2345, 210.2185, 472.4191] | I49: [204.3214, 136.8178, 107.0833] | J49: ['d14:0+OH', 'd14:0', 'Cer(d31:4)-1H2O'] | K49: 448.2225 | L49: 50 | M49: 1 | N49: #N/A
A50: 27 | B50: Cer(d14:0/18:0) | C50: 512.5034 | D50: 0.83 | E50: Cer(d32:0) | F50: 7.343 | G50: 8218 | H50: [494.4922, 228.2321, 210.2209, 246.2439, 476.48] | I50: [11305.5947, 4294.0005, 2972.4082, 1127.3517, 606.7742] | J50: ['Cer(d32:0)-1H2O', 'd14:0+OH', 'd14:0', 'd14:0+2OH', 'Cer(d32:0)-2H2O'] | K50: 20306.129 | L50: 83 | M50: 1 | N50: Cer(d14:0/18:0)
A51: 48 | B51: Cer(d14:0/19:3)(dOH) | C51: 552.463 | D51: 0.83 | E51: Cer(d33:3)(dOH) | F51: 8.072 | G51: 9611 | H51: [246.2389, 210.2203, 228.229, 534.4609, 516.4362] | I51: [38353.3242, 1680.2898, 316.6712, 69.75, 51.0] | J51: ['d14:0+2OH', 'd14:0', 'd14:0+OH', 'Cer(d33:3)(dOH)-1H2O', 'Cer(d33:3)(dOH)-2H2O'] | K51: 40471.035 | L51: 83 | M51: 1 | N51: #N/A
A52: 43 | B52: Cer(d14:0/20:0) | C52: 540.5352 | D52: 0.83 | E52: Cer(d34:0) | F52: 8.205 | G52: 9611 | H52: [522.5239, 228.2321, 210.2216, 246.2429, 504.5135] | I52: [78054.5312, 22827.4648, 10480.3516, 7398.9395, 5926.2861] | J52: ['Cer(d34:0)-1H2O', 'd14:0+OH', 'd14:0', 'd14:0+2OH', 'Cer(d34:0)-2H2O'] | K52: 124687.57 | L52: 83 | M52: 1 | N52: Cer(d14:0/20:0)
A53: 23 | B53: Cer(d14:0/20:0) | C53: 540.537 | D53: 0.83 | E53: Cer(d34:0) | F53: 12.681 | G53: 135914 | H53: [522.5233, 228.2315, 210.2209, 246.2429, 504.5137] | I53: [18996.668, 3852.9404, 2629.9849, 2429.0127, 1796.4441] | J53: ['Cer(d34:0)-1H2O', 'd14:0+OH', 'd14:0', 'd14:0+2OH', 'Cer(d34:0)-2H2O'] | K53: 29705.05 | L53: 83 | M53: 1 | N53: Cer(d14:0/20:0)
A54: 42 | B54: Cer(d14:0/21:4)(dOH) | C54: 578.4799 | D54: 0.67 | E54: Cer(d35:4)(dOH) | F54: 8.166 | G54: 9611 | H54: [246.2391, 210.2229, 542.4605, 228.2301] | I54: [57046.3047, 265.0046, 137.4, 117.5089] | J54: ['d14:0+2OH', 'd14:0', 'Cer(d35:4)(dOH)-2H2O', 'd14:0+OH'] | K54: 57566.218 | L54: 67 | M54: 1 | N54: #N/A
A55: 31 | B55: Cer(d14:0/22:0) | C55: 568.5662 | D55: 0.83 | E55: Cer(d36:0) | F55: 9.073 | G55: 135914 | H55: [550.5542, 228.2313, 210.221, 246.2416, 532.5426] | I55: [126174.2109, 34375.543, 21641.6777, 12911.3154, 5821.8608] | J55: ['Cer(d36:0)-1H2O', 'd14:0+OH', 'd14:0', 'd14:0+2OH', 'Cer(d36:0)-2H2O'] | K55: 200924.61 | L55: 83 | M55: 1 | N55: Cer(d14:0/22:0)
A56: 45 | B56: Cer(d14:0/23:0) | C56: 582.5824 | D56: 0.83 | E56: Cer(d37:0) | F56: 9.524 | G56: 54725 | H56: [564.5693, 228.2316, 210.2221, 246.2407, 546.5577] | I56: [16977.707, 3920.9167, 2178.8452, 1274.4218, 1157.8484] | J56: ['Cer(d37:0)-1H2O', 'd14:0+OH', 'd14:0', 'd14:0+2OH', 'Cer(d37:0)-2H2O'] | K56: 25509.739 | L56: 83 | M56: 1 | N56: Cer(d14:0/23:0)
A57: 44 | B57: Cer(d14:0/23:0)(dOH) | C57: 614.5708 | D57: 0.5 | E57: Cer(d37:0)(dOH) | F57: 12.419 | G57: 10209 | H57: [210.2221, 246.2395, 596.5572] | I57: [162.75, 86.2893, 49.4444] | J57: ['d14:0', 'd14:0+2OH', 'Cer(d37:0)(dOH)-1H2O'] | K57: 298.4837 | L57: 50 | M57: 1 | N57: #N/A
A58: 59 | B58: Cer(d14:0/23:4)(dOH) | C58: 606.5053 | D58: 0.67 | E58: Cer(d37:4)(dOH) | F58: 10.743 | G58: 9611 | H58: [246.2395, 588.5023, 570.4924, 228.2324] | I58: [3788.1707, 140.1875, 37.125, 34.1607] | J58: ['d14:0+2OH', 'Cer(d37:4)(dOH)-1H2O', 'Cer(d37:4)(dOH)-2H2O', 'd14:0+OH'] | K58: 3999.6439 | L58: 67 | M58: 1 | N58: #N/A
A59: 98 | B59: Cer(d14:0/25:0)(dOH) | C59: 642.6027 | D59: 0.67 | E59: Cer(d39:0)(dOH) | F59: 8.01 | G59: 293044 | H59: [210.2218, 246.2398, 624.5841, 228.2321] | I59: [303.4706, 100.4083, 62.3472, 20.025] | J59: ['d14:0', 'd14:0+2OH', 'Cer(d39:0)(dOH)-1H2O', 'd14:0+OH'] | K59: 486.2511 | L59: 67 | M59: 1 | N59: #N/A
A60: 1 | B60: Cer(d14:1/10:0) | C60: 398.3639 | D60: 0.5 | E60: Cer(d24:1) | F60: 9.326 | G60: 139669 | H60: [380.3508, 362.3371, 208.2049] | I60: [550.7348, 195.3611, 169.0] | J60: ['Cer(d24:1)-1H2O', 'Cer(d24:1)-2H2O', 'd14:1'] | K60: 915.0959 | L60: 45 | M60: 0.95 | N60: #N/A
A61: 3 | B61: Cer(d14:1/11:3) | C61: 406.329 | D61: 0.5 | E61: Cer(d25:4) | F61: 19.376 | G61: 52108 | H61: [244.224, 388.3174, 226.2208] | I61: [87.6667, 55.0833, 32.625] | J61: ['d14:1+2OH', 'Cer(d25:4)-1H2O', 'd14:1+OH'] | K61: 175.375 | L61: 45 | M61: 0.64 | N61: #N/A
A62: 6 | B62: Cer(d14:1/12:4) | C62: 418.3282 | D62: 0.83 | E62: Cer(d26:5) | F62: 5.333 | G62: 17549 | H62: [400.3167, 400.3167, 382.3067, 382.3067, 208.2087] | I62: [64.125, 64.125, 37.0833, 37.0833, 32.0] | J62: ['Cer(d26:5)-1H2O', 'Cer(d26:5)-1H2O', 'Cer(d26:5)-2H2O', 'Cer(d26:5)-2H2O', 'd14:1'] | K62: 234.4166 | L62: 74.7 | M62: 0.94 | N62: #N/A
A63: 24 | B63: Cer(d14:1/18:0) | C63: 510.4878 | D63: 0.83 | E63: Cer(d32:1) | F63: 7.037 | G63: 108768 | H63: [208.206, 226.2166, 492.4764, 474.4655, 244.2267] | I63: [17409.2539, 2292.3271, 2244.8577, 725.6166, 46.25] | J63: ['d14:1', 'd14:1+OH', 'Cer(d32:1)-1H2O', 'Cer(d32:1)-2H2O', 'd14:1+2OH'] | K63: 22718.305 | L63: 83 | M63: 1 | N63: Cer(d14:1/18:0)
A64: 26 | B64: Cer(d14:1/20:0) | C64: 538.5192 | D64: 0.83 | E64: Cer(d34:1) | F64: 7.888 | G64: 55191 | H64: [208.2054, 226.216, 520.5071, 502.4967, 244.2263] | I64: [184448.9688, 30581.502, 27351.7383, 6435.5498, 168.625] | J64: ['d14:1', 'd14:1+OH', 'Cer(d34:1)-1H2O', 'Cer(d34:1)-2H2O', 'd14:1+2OH'] | K64: 248986.38 | L64: 83 | M64: 1 | N64: Cer(d14:1/20:0)
A65: 46 | B65: Cer(d14:1/21:2) | C65: 548.5038 | D65: 0.67 | E65: Cer(d35:3) | F65: 9.863 | G65: 100941 | H65: [208.2064, 226.2178, 530.4839, 244.2286] | I65: [946.3841, 839.7347, 185.5455, 177.375] | J65: ['d14:1', 'd14:1+OH', 'Cer(d35:3)-1H2O', 'd14:1+2OH'] | K65: 2149.0393 | L65: 67 | M65: 1 | N65: #N/A
A66: 60 | B66: Cer(d14:1/22:0) | C66: 566.5505 | D66: 0.83 | E66: Cer(d36:1) | F66: 8.8 | G66: 538642 | H66: [208.2055, 548.539, 226.2155, 530.5283, 244.2276] | I66: [365735.1875, 65999.5469, 53239.0312, 15145.0723, 286.125] | J66: ['d14:1', 'Cer(d36:1)-1H2O', 'd14:1+OH', 'Cer(d36:1)-2H2O', 'd14:1+2OH'] | K66: 500404.96 | L66: 83 | M66: 1 | N66: Cer(d14:1/22:0)
A67: 4 | B67: Cer(d14:2/10:4) | C67: 388.2875 | D67: 0.5 | E67: Cer(d24:6) | F67: 4.726 | G67: 478865 | H67: [370.2788, 206.1922, 224.201] | I67: [677.1155, 162.0, 114.2083] | J67: ['Cer(d24:6)-1H2O', 'd14:2', 'd14:2+OH'] | K67: 953.3238 | L67: 50 | M67: 1 | N67: #N/A
A68: 4 | B68: Cer(d14:2/11:1) | C68: 408.3473 | D68: 0.83 | E68: Cer(d25:3) | F68: 5.219 | G68: 59030 | H68: [390.3398, 206.1893, 372.322, 242.2139, 224.2025] | I68: [210.0, 136.0625, 113.5682, 52.1111, 23.0] | J68: ['Cer(d25:3)-1H2O', 'd14:2', 'Cer(d25:3)-2H2O', 'd14:2+2OH', 'd14:2+OH'] | K68: 534.7418 | L68: 83 | M68: 1 | N68: #N/A
A69: 9 | B69: Cer(d14:2/11:4)(2OH) | C69: 418.2992 | D69: 0.67 | E69: Cer(d25:6)(2OH) | F69: 4.115 | G69: 234547 | H69: [400.2814, 206.1934, 382.2839, 224.1991] | I69: [21987.7676, 198.0083, 84.0357, 22.3472] | J69: ['Cer(d25:6)(2OH)-1H2O', 'd14:2', 'Cer(d25:6)(2OH)-2H2O', 'd14:2+OH'] | K69: 22292.159 | L69: 53.6 | M69: 1 | N69: #N/A
A70: 7 | B70: Cer(d14:2/12:3) | C70: 418.3282 | D70: 0.67 | E70: Cer(d26:5) | F70: 5.333 | G70: 17549 | H70: [400.3167, 400.3167, 382.3067, 382.3067] | I70: [64.125, 64.125, 37.0833, 37.0833] | J70: ['Cer(d26:5)-1H2O', 'Cer(d26:5)-1H2O', 'Cer(d26:5)-2H2O', 'Cer(d26:5)-2H2O'] | K70: 202.4166 | L70: 53.6 | M70: 0.81 | N70: #N/A
A71: 4 | B71: Cer(d14:2/16:4)(2OH) | C71: 488.3732 | D71: 0.5 | E71: Cer(d30:6)(2OH) | F71: 4.143 | G71: 172700 | H71: [224.2014, 242.2079, 452.3576] | I71: [116.0, 114.1118, 112.625] | J71: ['d14:2+OH', 'd14:2+2OH', 'Cer(d30:6)(2OH)-2H2O'] | K71: 342.7368 | L71: 40 | M71: 0.7 | N71: #N/A
A72: 32 | B72: Cer(d14:2/19:3)(2OH) | C72: 532.4395 | D72: 0.83 | E72: Cer(d33:5)(2OH) | F72: 8.934 | G72: 135914 | H72: [242.2125, 206.1926, 224.2014, 514.4337, 496.4232] | I72: [420.3155, 398.0036, 346.05, 60.375, 53.1115] | J72: ['d14:2+2OH', 'd14:2', 'd14:2+OH', 'Cer(d33:5)(2OH)-1H2O', 'Cer(d33:5)(2OH)-2H2O'] | K72: 1277.8556 | L72: 83 | M72: 1 | N72: #N/A
A73: 22 | B73: Cer(d14:2/20:1) | C73: 534.4882 | D73: 0.67 | E73: Cer(d34:3) | F73: 7.308 | G73: 538642 | H73: [206.1901, 516.4793, 224.2035, 242.2111] | I73: [5859.3369, 1389.4485, 121.8929, 89.3472] | J73: ['d14:2', 'Cer(d34:3)-1H2O', 'd14:2+OH', 'd14:2+2OH'] | K73: 7460.0255 | L73: 60.3 | M73: 0.56 | N73: #N/A
A74: 38 | B74: Cer(d14:2/21:3)(dOH) | C74: 576.4649 | D74: 0.83 | E74: Cer(d35:5)(dOH) | F74: 13.788 | G74: 100941 | H74: [206.1897, 540.4487, 224.2018, 242.2123, 558.4521] | I74: [2676.5271, 587.3851, 378.3269, 221.3636, 56.36] | J74: ['d14:2', 'Cer(d35:5)(dOH)-2H2O', 'd14:2+OH', 'd14:2+2OH', 'Cer(d35:5)(dOH)-1H2O'] | K74: 3919.9627 | L74: 74.7 | M74: 0.97 | N74: #N/A
A75: 5 | B75: Cer(d14:2/22:1) | C75: 562.5186 | D75: 0.67 | E75: Cer(d36:3) | F75: 8.004 | G75: 100941 | H75: [206.1902, 544.5092, 526.4955, 224.2026] | I75: [12495.1709, 6352.0005, 157.05, 153.2] | J75: ['d14:2', 'Cer(d36:3)-1H2O', 'Cer(d36:3)-2H2O', 'd14:2+OH'] | K75: 19157.421 | L75: 67 | M75: 1 | N75: #N/A
A76: 132 | B76: Cer(d14:2/38:2) | C76: 784.7533 | D76: 0.67 | E76: Cer(d52:4) | F76: 13.097 | G76: 212529 | H76: [206.19, 766.7438, 224.1991, 242.2149] | I76: [13432.8486, 218.4464, 126.0662, 31.0139] | J76: ['d14:2', 'Cer(d52:4)-1H2O', 'd14:2+OH', 'd14:2+2OH'] | K76: 13808.375 | L76: 67 | M76: 1 | N76: Cer(d14:2/38:2)
A77: 5 | B77: Cer(d14:3/10:4) | C77: 386.2694 | D77: 0.83 | E77: Cer(d24:7) | F77: 3.425 | G77: 35564 | H77: [368.2602, 222.1868, 204.1762, 240.1959, 350.2481] | I77: [276.5984, 275.0208, 221.2857, 162.0812, 44.45] | J77: ['Cer(d24:7)-1H2O', 'd14:3+OH', 'd14:3', 'd14:3+2OH', 'Cer(d24:7)-2H2O'] | K77: 979.4361 | L77: 83 | M77: 1 | N77: Cer(d14:3/10:4)
A78: 2 | B78: Cer(d14:3/11:1) | C78: 406.329 | D78: 0.5 | E78: Cer(d25:4) | F78: 19.376 | G78: 52108 | H78: [240.1922, 388.3174, 204.1715] | I78: [165.0536, 55.0833, 54.0625] | J78: ['d14:3+2OH', 'Cer(d25:4)-1H2O', 'd14:3'] | K78: 274.1994 | L78: 50 | M78: 1 | N78: #N/A
A79: 7 | B79: Cer(d14:3/11:3)(2OH) | C79: 418.2992 | D79: 0.67 | E79: Cer(d25:6)(2OH) | F79: 4.115 | G79: 234547 | H79: [400.2814, 204.1727, 222.1858, 382.2839] | I79: [21987.7676, 146.675, 121.05, 84.0357] | J79: ['Cer(d25:6)(2OH)-1H2O', 'd14:3', 'd14:3+OH', 'Cer(d25:6)(2OH)-2H2O'] | K79: 22339.528 | L79: 67 | M79: 1 | N79: #N/A
A80: 5 | B80: Cer(d14:3/12:2) | C80: 418.3282 | D80: 0.83 | E80: Cer(d26:5) | F80: 5.333 | G80: 17549 | H80: [400.3167, 400.3167, 222.186, 382.3067, 382.3067] | I80: [64.125, 64.125, 47.6806, 37.0833, 37.0833] | J80: ['Cer(d26:5)-1H2O', 'Cer(d26:5)-1H2O', 'd14:3+OH', 'Cer(d26:5)-2H2O', 'Cer(d26:5)-2H2O'] | K80: 250.0972 | L80: 83 | M80: 1 | N80: #N/A
A81: 8 | B81: Cer(d14:3/14:4) | C81: 442.3316 | D81: 0.5 | E81: Cer(d28:7) | F81: 5.219 | G81: 59030 | H81: [204.1737, 424.3195, 222.1827] | I81: [279.4355, 109.6538, 32.375] | J81: ['d14:3', 'Cer(d28:7)-1H2O', 'd14:3+OH'] | K81: 421.4643 | L81: 45 | M81: 1 | N81: Cer(d14:3/14:4)
A82: 6 | B82: Cer(d14:4/10:3) | C82: 386.2694 | D82: 0.83 | E82: Cer(d24:7) | F82: 3.425 | G82: 35564 | H82: [238.1818, 368.2602, 220.1726, 202.162, 350.2481] | I82: [296.0, 276.5984, 107.0, 91.5568, 44.45] | J82: ['d14:4+2OH', 'Cer(d24:7)-1H2O', 'd14:4+OH', 'd14:4', 'Cer(d24:7)-2H2O'] | K82: 815.6052 | L82: 74.7 | M82: 0.83 | N82: Cer(d14:4/10:3)
A83: 11 | B83: Cer(d14:4/13:2)(2OH) | C83: 446.326 | D83: 0.83 | E83: Cer(d27:6)(2OH) | F83: 3.443 | G83: 42539 | H83: [220.174, 428.3225, 202.1615, 238.1839, 410.3099] | I83: [2989.1841, 1785.4037, 1177.031, 888.1738, 26.1136] | J83: ['d14:4+OH', 'Cer(d27:6)(2OH)-1H2O', 'd14:4', 'd14:4+2OH', 'Cer(d27:6)(2OH)-2H2O'] | K83: 6865.9062 | L83: 74.7 | M83: 0.96 | N83: #N/A
A84: 8 | B84: Cer(d14:4/13:4) | C84: 426.2994 | D84: 0.83 | E84: Cer(d27:8) | F84: 9.638 | G84: 12868 | H84: [390.2853, 408.2919, 220.1726, 238.1761, 202.159] | I84: [357.0058, 315.2046, 144.2083, 93.0, 68.25] | J84: ['Cer(d27:8)-2H2O', 'Cer(d27:8)-1H2O', 'd14:4+OH', 'd14:4+2OH', 'd14:4'] | K84: 977.6687 | L84: 74.7 | M84: 0.98 | N84: #N/A
A85: 10 | B85: Cer(d14:4/14:2) | C85: 444.3471 | D85: 0.67 | E85: Cer(d28:6) | F85: 5.435 | G85: 457502 | H85: [202.1614, 238.18, 426.3342, 220.1697] | I85: [147.125, 93.5625, 93.25, 37.3472] | J85: ['d14:4', 'd14:4+2OH', 'Cer(d28:6)-1H2O', 'd14:4+OH'] | K85: 371.2847 | L85: 67 | M85: 1 | N85: #N/A
A86: 7 | B86: Cer(d14:4/14:3) | C86: 442.3316 | D86: 0.67 | E86: Cer(d28:7) | F86: 5.219 | G86: 59030 | H86: [202.157, 424.3195, 238.1817, 220.1696] | I86: [229.125, 109.6538, 61.3365, 23.125] | J86: ['d14:4', 'Cer(d28:7)-1H2O', 'd14:4+2OH', 'd14:4+OH'] | K86: 423.2403 | L86: 67 | M86: 1 | N86: #N/A
A87: 106 | B87: Cer(d14:4/30:3) | C87: 666.5818 | D87: 0.67 | E87: Cer(d44:7) | F87: 13.284 | G87: 84104 | H87: [220.1669, 202.1593, 238.176, 648.5644] | I87: [895.4033, 462.2404, 50.3472, 43.5568] | J87: ['d14:4+OH', 'd14:4', 'd14:4+2OH', 'Cer(d44:7)-1H2O'] | K87: 1451.5477 | L87: 67 | M87: 1 | N87: Cer(d14:4/30:3)
A88: 77 | B88: Cer(d14:4/32:3) | C88: 694.6132 | D88: 0.67 | E88: Cer(d46:7) | F88: 14.243 | G88: 125980 | H88: [220.1696, 238.1758, 202.1614, 676.6052] | I88: [440.0, 159.25, 128.087, 55.875] | J88: ['d14:4+OH', 'd14:4+2OH', 'd14:4', 'Cer(d46:7)-1H2O'] | K88: 783.212 | L88: 67 | M88: 1 | N88: Cer(d14:4/32:3)
A89: 4 | B89: Cer(d15:0/10:2) | C89: 410.3626 | D89: 0.67 | E89: Cer(d25:2) | F89: 5.446 | G89: 457502 | H89: [392.3492, 260.258, 374.3346, 242.2522] | I89: [869.1641, 62.0833, 52.2663, 24.625] | J89: ['Cer(d25:2)-1H2O', 'd15:0+2OH', 'Cer(d25:2)-2H2O', 'd15:0+OH'] | K89: 1008.1387 | L89: 46.9 | M89: 0.8 | N89: #N/A
A90: 28 | B90: Cer(d15:0/19:0)(2OH) | C90: 556.5314 | D90: 0.83 | E90: Cer(d34:0)(2OH) | F90: 6.991 | G90: 75833 | H90: [538.5152, 242.2487, 224.2361, 260.2588, 520.5009] | I90: [1043.9395, 232.0139, 124.2, 44.0, 35.0833] | J90: ['Cer(d34:0)(2OH)-1H2O', 'd15:0+OH', 'd15:0', 'd15:0+2OH', 'Cer(d34:0)(2OH)-2H2O'] | K90: 1479.2367 | L90: 66.4 | M90: 0.82 | N90: #N/A
A91: 52 | B91: Cer(d15:1/20:0)(2OH) | C91: 568.5297 | D91: 0.5 | E91: Cer(d35:1)(2OH) | F91: 10.403 | G91: 206949 | H91: [222.2259, 258.2445, 240.2315] | I91: [292.2872, 197.7692, 153.0139] | J91: ['d15:1', 'd15:1+2OH', 'd15:1+OH'] | K91: 643.0703 | L91: 35 | M91: 0.83 | N91: #N/A
A92: 57 | B92: Cer(d15:1/22:0)(dOH) | C92: 612.556 | D92: 0.67 | E92: Cer(d37:1)(dOH) | F92: 9.926 | G92: 15317 | H92: [258.2475, 222.2186, 240.2303, 576.538] | I92: [693.9676, 238.225, 229.4464, 65.25] | J92: ['d15:1+2OH', 'd15:1', 'd15:1+OH', 'Cer(d37:1)(dOH)-2H2O'] | K92: 1226.889 | L92: 53.6 | M92: 0.49 | N92: #N/A
A93: 2 | B93: Cer(d15:2/10:0) | C93: 410.3626 | D93: 0.67 | E93: Cer(d25:2) | F93: 5.446 | G93: 457502 | H93: [392.3492, 220.203, 374.3346, 238.215] | I93: [869.1641, 307.0017, 52.2663, 26.0208] | J93: ['Cer(d25:2)-1H2O', 'd15:2', 'Cer(d25:2)-2H2O', 'd15:2+OH'] | K93: 1254.4529 | L93: 67 | M93: 1 | N93: #N/A
A94: 6 | B94: Cer(d15:2/11:4) | C94: 416.3137 | D94: 0.5 | E94: Cer(d26:6) | F94: 9.493 | G94: 89291 | H94: [220.203, 238.2123, 380.2994] | I94: [424.1562, 243.7206, 80.1667] | J94: ['d15:2', 'd15:2+OH', 'Cer(d26:6)-2H2O'] | K94: 748.0435 | L94: 50 | M94: 1 | N94: #N/A
A95: 7 | B95: Cer(d15:3/11:2) | C95: 418.3302 | D95: 0.67 | E95: Cer(d26:5) | F95: 3.971 | G95: 19768 | H95: [218.1882, 236.1988, 400.3152, 254.2072] | I95: [372.3422, 223.445, 69.0385, 54.64] | J95: ['d15:3', 'd15:3+OH', 'Cer(d26:5)-1H2O', 'd15:3+2OH'] | K95: 719.4657 | L95: 53.6 | M95: 0.63 | N95: #N/A
A96: 11 | B96: Cer(d15:3/11:2) | C96: 418.3315 | D96: 0.67 | E96: Cer(d26:5) | F96: 5.341 | G96: 56375 | H96: [400.3224, 218.1886, 236.2013, 382.3072] | I96: [111.6627, 93.3472, 74.5568, 39.0833] | J96: ['Cer(d26:5)-1H2O', 'd15:3', 'd15:3+OH', 'Cer(d26:5)-2H2O'] | K96: 318.65 | L96: 46.9 | M96: 0.74 | N96: #N/A
A97: 4 | B97: Cer(d15:4/10:3) | C97: 400.2832 | D97: 0.67 | E97: Cer(d25:7) | F97: 4.771 | G97: 478865 | H97: [382.273, 234.1858, 216.1737, 364.2651] | I97: [2900.1016, 179.6384, 121.125, 110.6298] | J97: ['Cer(d25:7)-1H2O', 'd15:4+OH', 'd15:4', 'Cer(d25:7)-2H2O'] | K97: 3311.4948 | L97: 67 | M97: 1 | N97: #N/A
A98: 3 | B98: Cer(d15:4/10:4) | C98: 398.2682 | D98: 0.67 | E98: Cer(d25:8) | F98: 4.31 | G98: 30765 | H98: [380.2569, 252.2008, 216.173, 234.1839] | I98: [326.4892, 106.0096, 27.0, 21.375] | J98: ['Cer(d25:8)-1H2O', 'd15:4+2OH', 'd15:4', 'd15:4+OH'] | K98: 480.8738 | L98: 60.3 | M98: 0.09 | N98: #N/A
A99: 13 | B99: Cer(d15:4/11:0) | C99: 420.3489 | D99: 0.5 | E99: Cer(d26:4) | F99: 5.606 | G99: 14646 | H99: [252.2003, 402.3356, 234.1823] | I99: [228.1667, 145.8409, 24.0] | J99: ['d15:4+2OH', 'Cer(d26:4)-1H2O', 'd15:4+OH'] | K99: 398.0076 | L99: 50 | M99: 1 | N99: #N/A
A100: 5 | B100: Cer(d15:4/11:1) | C100: 418.3302 | D100: 0.67 | E100: Cer(d26:5) | F100: 3.971 | G100: 19768 | H100: [216.1736, 234.1868, 252.1984, 400.3152] | I100: [487.6656, 463.8773, 116.8182, 69.0385] | J100: ['d15:4', 'd15:4+OH', 'd15:4+2OH', 'Cer(d26:5)-1H2O'] | K100: 1137.3996 | L100: 67 | M100: 1 | N100: #N/A
... A104: 7 | B104: Cer(d15:4/17:3)(2OH) | C104: 514.3887 | D104: 0.5 | E104: Cer(d32:7)(2OH) | F104: 4.875 | G104: 68297 | H104: [252.1963, 216.1748, 496.3745] | I104: [190.3299, 103.0662, 65.0833] | J104: ['d15:4+2OH', 'd15:4', 'Cer(d32:7)(2OH)-1H2O'] | K104: 358.4794 | L104: 50 | M104: 1 | N104: #N/A
A105: 11 | B105: Cer(d16:0/16:0) | C105: 512.5051 | D105: 0.67 | E105: Cer(d32:0) | F105: 5.854 | G105: 177807 | H105: [256.2629, 494.4915, 274.2767, 238.252] | I105: [1209.4935, 422.2564, 313.0804, 113.0] | J105: ['d16:0+OH', 'Cer(d32:0)-1H2O', 'd16:0+2OH', 'd16:0'] | K105: 2057.8303 | L105: 67 | M105: 1 | N105: Cer(d16:0/16:0)
A106: 44 | B106: Cer(d16:0/16:0)(2OH) | C106: 528.4993 | D106: 0.67 | E106: Cer(d32:0)(2OH) | F106: 9.624 | G106: 660937 | H106: [256.2605, 238.2485, 510.4926, 274.2746] | I106: [281.6599, 191.0312, 146.3214, 48.0] | J106: ['d16:0+OH', 'd16:0', 'Cer(d32:0)(2OH)-1H2O', 'd16:0+2OH'] | K106: 667.0125 | L106: 67 | M106: 1 | N106: #N/A
A107: 39 | B107: Cer(d16:0/18:0) | C107: 540.5347 | D107: 0.83 | E107: Cer(d34:0) | F107: 6.453 | G107: 29122 | H107: [256.263, 274.2734, 238.2525, 522.52, 504.5202] | I107: [27113.7363, 2611.6729, 340.8403, 319.903, 158.3214] | J107: ['d16:0+OH', 'd16:0+2OH', 'd16:0', 'Cer(d34:0)-1H2O', 'Cer(d34:0)-2H2O'] | K107: 30544.474 | L107: 83 | M107: 1 | N107: Cer(d16:0/18:0)
A108: 21 | B108: Cer(d16:0/18:0)(2OH) | C108: 556.5296 | D108: 0.5 | E108: Cer(d34:0)(2OH) | F108: 10.022 | G108: 5533 | H108: [256.261, 538.525, 274.2724] | I108: [1618.8051, 133.25, 21.375] | J108: ['d16:0+OH', 'Cer(d34:0)(2OH)-1H2O', 'd16:0+2OH'] | K108: 1773.4301 | L108: 50 | M108: 1 | N108: #N/A
A109: 54 | B109: Cer(d16:0/19:0) | C109: 554.5505 | D109: 0.5 | E109: Cer(d35:0) | F109: 10.052 | G109: 408755 | H109: [256.266, 238.2551, 518.536] | I109: [143.3333, 63.7759, 20.25] | J109: ['d16:0+OH', 'd16:0', 'Cer(d35:0)-2H2O'] | K109: 227.3592 | L109: 50 | M109: 1 | N109: #N/A
A110: 11 | B110: Cer(d16:0/21:2)(dOH) | C110: 610.5427 | D110: 0.5 | E110: Cer(d37:2)(dOH) | F110: 9.566 | G110: 223738 | H110: [256.2667, 238.2519, 274.2745] | I110: [212.8409, 149.5329, 108.0625] | J110: ['d16:0+OH', 'd16:0', 'd16:0+2OH'] | K110: 470.4363 | L110: 50 | M110: 1 | N110: #N/A
A111: 56 | B111: Cer(d16:0/22:0) | C111: 596.5979 | D111: 0.83 | E111: Cer(d38:0) | F111: 9.981 | G111: 15317 | H111: [578.5864, 256.263, 238.2527, 560.579, 274.272] | I111: [12792.3682, 3917.3213, 2085.2859, 1322.0033, 1258.1185] | J111: ['Cer(d38:0)-1H2O', 'd16:0+OH', 'd16:0', 'Cer(d38:0)-2H2O', 'd16:0+2OH'] | K111: 21375.097 | L111: 83 | M111: 1 | N111: Cer(d16:0/22:0)
A112: 20 | B112: Cer(d16:1/13:0) | C112: 468.4413 | D112: 0.5 | E112: Cer(d29:1) | F112: 5.134 | G112: 56375 | H112: [236.2388, 450.4361, 272.2537] | I112: [131.1524, 115.0417, 21.1607] | J112: ['d16:1', 'Cer(d29:1)-1H2O', 'd16:1+2OH'] | K112: 267.3548 | L112: 50 | M112: 1 | N112: Cer(d16:1/13:0)
A113: 28 | B113: Cer(d16:1/15:2) | C113: 492.4427 | D113: 0.5 | E113: Cer(d31:3) | F113: 9.852 | G113: 100941 | H113: [236.2396, 456.4273, 254.2479] | I113: [85.25, 58.0833, 31.125] | J113: ['d16:1', 'Cer(d31:3)-2H2O', 'd16:1+OH'] | K113: 174.4583 | L113: 40 | M113: 0.29 | N113: #N/A
A114: 26 | B114: Cer(d16:1/17:0)(2OH) | C114: 540.4959 | D114: 0.5 | E114: Cer(d33:1)(2OH) | F114: 9.652 | G114: 660937 | H114: [236.2361, 254.2459, 522.488] | I114: [358.4122, 246.0312, 45.25] | J114: ['d16:1', 'd16:1+OH', 'Cer(d33:1)(2OH)-1H2O'] | K114: 649.6934 | L114: 45 | M114: 0.94 | N114: #N/A
A115: 15 | B115: Cer(d16:1/17:4)(2OH) | C115: 532.439 | D115: 0.5 | E115: Cer(d33:5)(2OH) | F115: 9.025 | G115: 84104 | H115: [254.2488, 514.4318, 272.2549] | I115: [219.0417, 91.5227, 28.0] | J115: ['d16:1+OH', 'Cer(d33:5)(2OH)-1H2O', 'd16:1+2OH'] | K115: 338.5644 | L115: 50 | M115: 1 | N115: #N/A
A116: 25 | B116: Cer(d16:1/19:2) | C116: 548.5037 | D116: 0.83 | E116: Cer(d35:3) | F116: 11.123 | G116: 108768 | H116: [272.2582, 530.4926, 254.2488, 512.4762, 236.2413] | I116: [18285.0527, 11555.5068, 1554.0525, 617.2532, 267.3689] | J116: ['d16:1+2OH', 'Cer(d35:3)-1H2O', 'd16:1+OH', 'Cer(d35:3)-2H2O', 'd16:1'] | K116: 32279.234 | L116: 74.7 | M116: 0.38 | N116: #N/A
A117: 25 | B117: Cer(d16:1/21:0)(dOH) | C117: 612.5593 | D117: 0.67 | E117: Cer(d37:1)(dOH) | F117: 7.452 | G117: 54725 | H117: [236.2373, 254.2501, 594.5582, 272.2626] | I117: [374.4602, 163.5568, 121.3472, 121.3224] | J117: ['d16:1', 'd16:1+OH', 'Cer(d37:1)(dOH)-1H2O', 'd16:1+2OH'] | K117: 780.6866 | L117: 67 | M117: 1 | N117: #N/A
A118: 50 | B118: Cer(d16:1/21:2)(2OH) | C118: 592.5329 | D118: 0.67 | E118: Cer(d37:3)(2OH) | F118: 12.603 | G118: 538642 | H118: [236.2366, 254.2475, 574.5263, 272.2535] | I118: [5417.9731, 549.2075, 97.6, 43.05] | J118: ['d16:1', 'd16:1+OH', 'Cer(d37:3)(2OH)-1H2O', 'd16:1+2OH'] | K118: 6107.8306 | L118: 60.3 | M118: 0.98 | N118: #N/A
A119: 36 | B119: Cer(d16:1/22:1)(dOH) | C119: 624.5555 | D119: 0.5 | E119: Cer(d38:2)(dOH) | F119: 8.037 | G119: 95608 | H119: [606.5499, 236.2382, 254.2488] | I119: [404.1875, 290.8028, 155.0083] | J119: ['Cer(d38:2)(dOH)-1H2O', 'd16:1', 'd16:1+OH'] | K119: 849.9986 | L119: 50 | M119: 1 | N119: #N/A
A120: 26 | B120: Cer(d16:2/15:1) | C120: 492.4427 | D120: 0.67 | E120: Cer(d31:3) | F120: 9.852 | G120: 100941 | H120: [252.2372, 270.2421, 456.4273, 234.2185] | I120: [400.5825, 91.2564, 58.0833, 55.0] | J120: ['d16:2+OH', 'd16:2+2OH', 'Cer(d31:3)-2H2O', 'd16:2'] | K120: 604.9222 | L120: 67 | M120: 1 | N120: #N/A
A121: 0 | B121: Cer(d16:2/15:2) | C121: 490.4249 | D121: 0.5 | E121: Cer(d31:4) | F121: 8.844 | G121: 206949 | H121: [454.4113, 270.2433, 234.2256] | I121: [92.0, 59.0139, 22.025] | J121: ['Cer(d31:4)-2H2O', 'd16:2+2OH', 'd16:2'] | K121: 173.0389 | L121: 50 | M121: 1 | N121: #N/A
A122: 43 | B122: Cer(d16:2/22:2) | C122: 588.5323 | D122: 0.5 | E122: Cer(d38:4) | F122: 13.298 | G122: 54725 | H122: [234.2212, 252.2325, 570.5192] | I122: [53193.793, 836.9083, 272.4853] | J122: ['d16:2', 'd16:2+OH', 'Cer(d38:4)-1H2O'] | K122: 54303.187 | L122: 50 | M122: 1 | N122: #N/A
A123: 8 | B123: Cer(d16:4/10:1) | C123: 418.3308 | D123: 1 | E123: Cer(d26:5) | F123: 5.305 | G123: 264846 | H123: [248.2018, 266.2091, 400.3167, 400.3167, 382.3067, 382.3067] | I123: [149.375, 91.0, 64.125, 64.125, 37.0833, 37.0833] | J123: ['d16:4+OH', 'd16:4+2OH', 'Cer(d26:5)-1H2O', 'Cer(d26:5)-1H2O', 'Cer(d26:5)-2H2O', 'Cer(d26:5)-2H2O'] | K123: 442.7916 | L123: 100 | M123: 1 | N123: #N/A
A124: 1 | B124: Cer(d16:4/14:4) | C124: 468.3459 | D124: 0.5 | E124: Cer(d30:8) | F124: 3.125 | G124: 15024 | H124: [248.1983, 230.1896, 432.3272] | I124: [234.0, 27.375, 24.25] | J124: ['d16:4+OH', 'd16:4', 'Cer(d30:8)-2H2O'] | K124: 285.625 | L124: 50 | M124: 1 | N124: #N/A
...

Sheet 原版保留时间规律
A1: Unnamed: 0 | B1: 注释 | C1: target | D1: 匹配度分数 | E1: 母离子 | F1: RT | G1: 实际mz | H1: 强度 | I1: 碎片 | J1: 强度总和 | K1: 总分数 | L1: 相对强度 | M1: series | N1: FA_Carbon | O1: index | P1: 公式列 | Q1: R2列
A2: 5 | B2: CAEP(d17:3/32:3) | C2: 845.6922 | D2: 0.62 | E2: CAEP(d49:6) | F2: 8.107 | G2: [827.6862, 246.2263, 809.6561, 264.2293, 126.033] | H2: [502.4498, 344.2664, 102.5568, 52.0, 20.0] | I2: ['CAEP(d49:6)-1H2O', 'd17:3', 'CAEP(d49:6)-2H2O', 'd17:3+OH', '[C2H8NO3P+H]+'] | J2: 1021.273 | K2: 49.6 | L2: 0.07 | M2: CAEP(d17:3/x:3) | N2: 32 | O2: 1 | P2: y = 0.5302x + -9.5492 | Q2: 0.99231739
A3: 1 | B3: CAEP(d17:3/37:3) | C3: 915.762 | D3: 0.62 | E3: CAEP(d54:6) | F3: 10.07 | G3: [897.7521, 897.7521, 282.2476, 246.2264, 264.2364] | H3: [945.3245, 945.3245, 376.6039, 255.3672, 177.1157] | I3: ['CAEP(d54:6)-1H2O', 'CAEP(d54:6)-1H2O', 'd17:3+2OH', 'd17:3', 'd17:3+OH'] | J3: 2699.7358 | K3: 62 | L3: 1 | M3: CAEP(d17:3/x:3) | N3: 37 | O3: 1 | P3: y = 0.5302x + -9.5492 | Q3: 0.99231739
A4: 1 | B4: CAEP(d17:3/53:3) | C4: 1140.0145 | D4: 0.38 | E4: CAEP(d70:6) | F4: 18.554 | G4: [264.2368, 246.2257, 1014.9765] | H4: [325.3785, 210.3603, 27.0] | I4: ['d17:3+OH', 'd17:3', 'CAEP(d70:6)-C2H8NO3P'] | J4: 562.7388 | K4: 34.2 | L4: 0.94 | M4: CAEP(d17:3/x:3) | N4: 53 | O4: 1 | P4: y = 0.5302x + -9.5492 | Q4: 0.99231739
A5: 2 | B5: Cer(d14:0/18:0) | C5: 512.5034 | D5: 0.83 | E5: Cer(d32:0) | F5: 7.343 | G5: [494.4922, 228.2321, 210.2209, 246.2439, 476.48] | H5: [11305.5947, 4294.0005, 2972.4082, 1127.3517, 606.7742] | I5: ['Cer(d32:0)-1H2O', 'd14:0+OH', 'd14:0', 'd14:0+2OH', 'Cer(d32:0)-2H2O'] | J5: 20306.129 | K5: 83 | L5: 1 | M5: Cer(d14:0/x:0) | N5: 18 | O5: 3 | P5: y = 0.4402x + -0.6004 | Q5: 0.99971138
A6: 3 | B6: Cer(d14:0/20:0) | C6: 540.537 | D6: 0.83 | E6: Cer(d34:0) | F6: 8.181 | G6: [522.5233, 228.2315, 210.2209, 246.2429, 504.5137] | H6: [18996.668, 3852.9404, 2629.9849, 2429.0127, 1796.4441] | I6: ['Cer(d34:0)-1H2O', 'd14:0+OH', 'd14:0', 'd14:0+2OH', 'Cer(d34:0)-2H2O'] | J6: 29705.05 | K6: 83 | L6: 1 | M6: Cer(d14:0/x:0) | N6: 20 | O6: 3 | P6: y = 0.4402x + -0.6004 | Q6: 0.99971138
A7: 2 | B7: Cer(d14:0/22:0) | C7: 568.5662 | D7: 0.83 | E7: Cer(d36:0) | F7: 9.073 | G7: [550.5542, 228.2313, 210.221, 246.2416, 532.5426] | H7: [126174.2109, 34375.543, 21641.6777, 12911.3154, 5821.8608] | I7: ['Cer(d36:0)-1H2O', 'd14:0+OH', 'd14:0', 'd14:0+2OH', 'Cer(d36:0)-2H2O'] | J7: 200924.61 | K7: 83 | L7: 1 | M7: Cer(d14:0/x:0) | N7: 22 | O7: 3 | P7: y = 0.4402x + -0.6004 | Q7: 0.99971138
A8: 2 | B8: Cer(d14:0/23:0) | C8: 582.5824 | D8: 0.83 | E8: Cer(d37:0) | F8: 9.524 | G8: [564.5693, 228.2316, 210.2221, 246.2407, 546.5577] | H8: [16977.707, 3920.9167, 2178.8452, 1274.4218, 1157.8484] | I8: ['Cer(d37:0)-1H2O', 'd14:0+OH', 'd14:0', 'd14:0+2OH', 'Cer(d37:0)-2H2O'] | J8: 25509.739 | K8: 83 | L8: 1 | M8: Cer(d14:0/x:0) | N8: 23 | O8: 3 | P8: y = 0.4402x + -0.6004 | Q8: 0.99971138
A9: 1 | B9: Cer(d14:0/24:0) | C9: 596.5979 | D9: 0.83 | E9: Cer(d38:0) | F9: 9.981 | G9: [578.5864, 228.2302, 560.579, 210.2209, 246.2418] | H9: [12792.3682, 1372.7004, 1322.0033, 1101.8932, 926.7744] | I9: ['Cer(d38:0)-1H2O', 'd14:0+OH', 'Cer(d38:0)-2H2O', 'd14:0', 'd14:0+2OH'] | J9: 17515.739 | K9: 66.4 | L9: 0.82 | M9: Cer(d14:0/x:0) | N9: 24 | O9: 3 | P9: y = 0.4402x + -0.6004 | Q9: 0.99971138
A10: 2 | B10: Cer(d14:1/13:0) | C10: 440.4095 | D10: 0.5 | E10: Cer(d27:1) | F10: 5.301 | G10: [208.2048, 422.4065, 404.3818] | H10: [78.0625, 53.0278, 43.875] | I10: ['d14:1', 'Cer(d27:1)-1H2O', 'Cer(d27:1)-2H2O'] | J10: 174.9653 | K10: 45 | L10: 0.98 | M10: Cer(d14:1/x:0) | N10: 13 | O10: 6 | P10: y = 0.3898x + 0.1170 | Q10: 0.99391314
A11: 2 | B11: Cer(d14:1/16:0) | C11: 482.4564 | D11: 0.67 | E11: Cer(d30:1) | F11: 6.252 | G11: [208.2055, 226.2164, 464.4459, 446.4377] | H11: [51560.2578, 7543.251, 2944.0208, 1089.2339] | I11: ['d14:1', 'd14:1+OH', 'Cer(d30:1)-1H2O', 'Cer(d30:1)-2H2O'] | J11: 63136.764 | K11: 67 | L11: 1 | M11: Cer(d14:1/x:0) | N11: 16 | O11: 6 | P11: y = 0.3898x + 0.1170 | Q11: 0.99391314
A12: 2 | B12: Cer(d14:1/18:0) | C12: 510.4878 | D12: 0.83 | E12: Cer(d32:1) | F12: 7.037 | G12: [208.206, 226.2166, 492.4764, 474.4655, 244.2267] | H12: [17409.2539, 2292.3271, 2244.8577, 725.6166, 46.25] | I12: ['d14:1', 'd14:1+OH', 'Cer(d32:1)-1H2O', 'Cer(d32:1)-2H2O', 'd14:1+2OH'] | J12: 22718.305 | K12: 83 | L12: 1 | M12: Cer(d14:1/x:0) | N12: 18 | O12: 6 | P12: y = 0.3898x + 0.1170 | Q12: 0.99391314
A13: 2 | B13: Cer(d14:1/20:0) | C13: 538.5192 | D13: 0.83 | E13: Cer(d34:1) | F13: 7.888 | G13: [208.2054, 226.216, 520.5071, 502.4967, 244.2263] | H13: [184448.9688, 30581.502, 27351.7383, 6435.5498, 168.625] | I13: ['d14:1', 'd14:1+OH', 'Cer(d34:1)-1H2O', 'Cer(d34:1)-2H2O', 'd14:1+2OH'] | J13: 248986.38 | K13: 83 | L13: 1 | M13: Cer(d14:1/x:0) | N13: 20 | O13: 6 | P13: y = 0.3898x + 0.1170 | Q13: 0.99391314
... A618: 2 | B618: So1P(t23:1) | C618: 466.3293 | D618: 0.43 | E618: So1P(t23:1) | F618: 5.423 | G618: [368.3516, 350.3403, 412.2896] | H618: [175.4, 86.0, 21.0833] | I618: ['So1P(t23:1)-H3PO4', 'So1P(t23:1)-H2O-H3PO4', 'So1P(t23:1)-3H2O'] | J618: 282.4833 | K618: 43 | L618: 1 | M618: So1P(tx:1) | N618: 23 | O618: 388 | P618: y = 0.2505x + -0.3192 | Q618: 0.99888438

Sheet 删除删除片段见重复值与符合保留时间规律重复值后的
A1: 0 | B1: 注释 | C1: target | D1: 匹配度分数 | E1: 1 | F1: RT | G1: 2 | H1: 3 | I1: 4 | J1: 5 | K1: 6 | L1: 7 | M1: 8
A2: 9 | B2: CAEP(d14:2/12:3) | C2: 525.3441 | D2: 0.88 | E2: CAEP(d26:5) | F2: 3.418 | G2: 15024 | H2: [507.3351, 126.0333, 242.2071, 489.3279, 224.1987, 206.1879, 400.3121] | I2: [886.3094, 413.6825, 330.3465, 305.1225, 290.0363, 265.9185, 173.0513] | J2: ['CAEP(d26:5)-1H2O', '[C2H8NO3P+H]+', 'd14:2+2OH', 'CAEP(d26:5)-2H2O', 'd14:2+OH', 'd14:2', 'CAEP(d26:5)-C2H8NO3P'] | K2: 2664.467 | L2: 88 | M2: 1 | N2: #N/A
A3: 16 | B3: CAEP(d14:3/15:0) | C3: 571.4273 | D3: 0.62 | E3: CAEP(d29:3) | F3: 5.283 | G3: 264846 | H3: [553.4244, 222.1835, 204.1763, 535.4133, 240.1936] | I3: [180.0, 145.1635, 116.8929, 81.7788, 64.1607] | J3: ['CAEP(d29:3)-1H2O', 'd14:3+OH', 'd14:3', 'CAEP(d29:3)-2H2O', 'd14:3+2OH'] | K3: 587.9959 | L3: 62 | M3: 1 | N3: #N/A
A4: 37 | B4: CAEP(d14:3/21:3)(2OH) | C4: 665.4654 | D4: 0.75 | E4: CAEP(d35:6)(2OH) | F4: 12.46 | G4: 12180 | H4: [647.4542, 647.4542, 540.4346, 540.4346, 629.4525, 629.4525] | I4: [41.2404, 41.2404, 37.0833, 37.0833, 21.25, 21.25] | J4: ['CAEP(d35:6)(2OH)-1H2O', 'CAEP(d35:6)(2OH)-1H2O', 'CAEP(d35:6)(2OH)-C2H8NO3P', 'CAEP(d35:6)(2OH)-C2H8NO3P', 'CAEP(d35:6)(2OH)-2H2O', 'CAEP(d35:6)(2OH)-2H2O'] | K4: 199.1474 | L4: 75 | M4: 1 | N4: #N/A
A5: 56 | B5: CAEP(d14:3/21:4) | C5: 647.4587 | D5: 0.5 | E5: CAEP(d35:7) | F5: 11.478 | G5: 135914 | H5: [240.1927, 629.4434, 204.1709, 222.1838] | I5: [308.0312, 196.3472, 59.0, 44.0833] | J5: ['d14:3+2OH', 'CAEP(d35:7)-1H2O', 'd14:3', 'd14:3+OH'] | K5: 607.4617 | L5: 40 | M5: 0.59 | N5: #N/A
A6: 97 | B6: CAEP(d14:3/25:4) | C6: 703.5164 | D6: 0.5 | E6: CAEP(d39:7) | F6: 6.942 | G6: 159861 | H6: [685.4972, 204.1732, 240.1965, 667.4903] | I6: [540.1639, 237.2426, 170.4133, 86.125] | J6: ['CAEP(d39:7)-1H2O', 'd14:3', 'd14:3+2OH', 'CAEP(d39:7)-2H2O'] | K6: 1033.9448 | L6: 50 | M6: 1 | N6: #N/A
A7: 10 | B7: CAEP(d14:4/12:1) | C7: 525.3441 | D7: 0.88 | E7: CAEP(d26:5) | F7: 3.418 | G7: 15024 | H7: [507.3351, 126.0333, 202.1594, 489.3279, 220.1698, 238.1808, 400.3121] | I7: [886.3094, 413.6825, 325.0994, 305.1225, 201.9469, 182.656, 173.0513] | J7: ['CAEP(d26:5)-1H2O', '[C2H8NO3P+H]+', 'd14:4', 'CAEP(d26:5)-2H2O', 'd14:4+OH', 'd14:4+2OH', 'CAEP(d26:5)-C2H8NO3P'] | K7: 2487.868 | L7: 70.4 | M7: 0.93 | N7: #N/A
A8: 192 | B8: CAEP(d14:4/40:2) | C8: 915.7619 | D8: 0.5 | E8: CAEP(d54:6) | F8: 10.782 | G8: 40314 | H8: [897.7521, 897.7521, 220.1712, 202.1607] | I8: [945.3245, 945.3245, 641.8412, 160.625] | J8: ['CAEP(d54:6)-1H2O', 'CAEP(d54:6)-1H2O', 'd14:4+OH', 'd14:4'] | K8: 2693.1152 | L8: 50 | M8: 1 | N8: #N/A
A9: 38 | B9: CAEP(d15:3/20:3)(2OH) | C9: 665.4654 | D9: 0.75 | E9: CAEP(d35:6)(2OH) | F9: 12.46 | G9: 12180 | H9: [647.4542, 647.4542, 540.4346, 540.4346, 629.4525, 629.4525] | I9: [41.2404, 41.2404, 37.0833, 37.0833, 21.25, 21.25] | J9: ['CAEP(d35:6)(2OH)-1H2O', 'CAEP(d35:6)(2OH)-1H2O', 'CAEP(d35:6)(2OH)-C2H8NO3P', 'CAEP(d35:6)(2OH)-C2H8NO3P', 'CAEP(d35:6)(2OH)-2H2O', 'CAEP(d35:6)(2OH)-2H2O'] | K9: 199.1474 | L9: 75 | M9: 1 | N9: #N/A
A10: 54 | B10: CAEP(d15:3/20:4) | C10: 647.4586 | D10: 0.38 | E10: CAEP(d35:7) | F10: 15.038 | G10: 84104 | H10: [218.1885, 254.2107, 236.1996] | I10: [230.4444, 49.0625, 26.25] | J10: ['d15:3', 'd15:3+2OH', 'd15:3+OH'] | K10: 305.7569 | L10: 38 | M10: 1 | N10: #N/A
A11: 39 | B11: CAEP(d15:4/20:2)(2OH) | C11: 665.4654 | D11: 0.75 | E11: CAEP(d35:6)(2OH) | F11: 12.46 | G11: 12180 | H11: [647.4542, 647.4542, 540.4346, 540.4346, 629.4525, 629.4525] | I11: [41.2404, 41.2404, 37.0833, 37.0833, 21.25, 21.25] | J11: ['CAEP(d35:6)(2OH)-1H2O', 'CAEP(d35:6)(2OH)-1H2O', 'CAEP(d35:6)(2OH)-C2H8NO3P', 'CAEP(d35:6)(2OH)-C2H8NO3P', 'CAEP(d35:6)(2OH)-2H2O', 'CAEP(d35:6)(2OH)-2H2O'] | K11: 199.1474 | L11: 75 | M11: 1 | N11: #N/A
A12: 24 | B12: CAEP(d16:3/14:0)(2OH) | C12: 601.4384 | D12: 0.38 | E12: CAEP(d30:3)(2OH) | F12: 4.871 | G12: 22393 | H12: [250.2151, 268.2267, 583.4347] | I12: [1137.0951, 267.2656, 133.5956] | J12: ['d16:3+OH', 'd16:3+2OH', 'CAEP(d30:3)(2OH)-1H2O'] | K12: 1537.9563 | L12: 34.2 | M12: 0.82 | N12: #N/A
A13: 41 | B13: CAEP(d17:2/10:4)(2OH) | C13: 553.342 | D13: 0.62 | E13: CAEP(d27:6)(2OH) | F13: 8.117 | G13: 264846 | H13: [266.246, 248.2363, 284.2605, 535.3257, 517.3156] | I13: [4027.4604, 2861.3145, 668.1827, 72.0, 41.5] | J13: ['d17:2+OH', 'd17:2', 'd17:2+2OH', 'CAEP(d27:6)(2OH)-1H2O', 'CAEP(d27:6)(2OH)-2H2O'] | K13: 7670.4576 | L13: 55.8 | M13: 1 | N13: #N/A
... A1759: 94 | B1759: type I B antigen(d30:3/15:4) | C1759: 1677.9436 | D1759: 0.38 | E1759: type I B antigen(d45:7) | F1759: 6.63 | G1759: 108768 | H1759: [1677.9206, 1189.7749, 1351.8056, 1659.9246, 1513.8616, 464.4493, 1497.8731, 1515.8697] | I1759: [36367.4805, 324.8064, 227.1739, 91.1008, 53.0865, 42.05, 40.75, 30.375] | J1759: ['type I B antigen(d45:7)', 'type I B antigen(d45:7)-Gal-Fuc-Gal-H2O', 'type I B antigen(d45:7)-Gal-Fuc-H2O', 'type I B antigen(d45:7)-1H2O', 'type I B antigen(d45:7)-Fuc-H2O', 'd30:3+2OH', 'type I B antigen(d45:7)-Gal-H2O', 'type I B antigen(d45:7)-Gal'] | K1759: 37176.823 | L1759: 38 | M1759: 1 | N1759: #N/A

Sheet 存在保留时间chongfu
A1: 0 | B1: 注释 | C1: target | D1: 匹配度分数 | E1: 1 | F1: RT | G1: 2 | H1: 3 | I1: 4 | J1: 5 | K1: 6 | L1: 7 | M1: 8
A2: 9 | B2: CAEP(d14:2/12:3) | C2: 525.3441 | D2: 0.88 | E2: CAEP(d26:5) | F2: 3.418 | G2: 15024 | H2: [507.3351, 126.0333, 242.2071, 489.3279, 224.1987, 206.1879, 400.3121] | I2: [886.3094, 413.6825, 330.3465, 305.1225, 290.0363, 265.9185, 173.0513] | J2: ['CAEP(d26:5)-1H2O', '[C2H8NO3P+H]+', 'd14:2+2OH', 'CAEP(d26:5)-2H2O', 'd14:2+OH', 'd14:2', 'CAEP(d26:5)-C2H8NO3P'] | K2: 2664.467 | L2: 88 | M2: 1 | N2: #N/A | R2: =VLOOKUP(H2,'[1]算法匹配所有结果汇总(保留时间未归一）'!$H:$O,8,0) -> 5
A3: 16 | B3: CAEP(d14:3/15:0) | C3: 571.4273 | D3: 0.62 | E3: CAEP(d29:3) | F3: 5.283 | G3: 264846 | H3: [553.4244, 222.1835, 204.1763, 535.4133, 240.1936] | I3: [180.0, 145.1635, 116.8929, 81.7788, 64.1607] | J3: ['CAEP(d29:3)-1H2O', 'd14:3+OH', 'd14:3', 'CAEP(d29:3)-2H2O', 'd14:3+2OH'] | K3: 587.9959 | L3: 62 | M3: 1 | N3: #N/A | R3: =VLOOKUP(H3,'[1]算法匹配所有结果汇总(保留时间未归一）'!$H:$O,8,0) -> 4
A4: 37 | B4: CAEP(d14:3/21:3)(2OH) | C4: 665.4654 | D4: 0.75 | E4: CAEP(d35:6)(2OH) | F4: 12.46 | G4: 12180 | H4: [647.4542, 647.4542, 540.4346, 540.4346, 629.4525, 629.4525] | I4: [41.2404, 41.2404, 37.0833, 37.0833, 21.25, 21.25] | J4: ['CAEP(d35:6)(2OH)-1H2O', 'CAEP(d35:6)(2OH)-1H2O', 'CAEP(d35:6)(2OH)-C2H8NO3P', 'CAEP(d35:6)(2OH)-C2H8NO3P', 'CAEP(d35:6)(2OH)-2H2O', 'CAEP(d35:6)(2OH)-2H2O'] | K4: 199.1474 | L4: 75 | M4: 1 | N4: #N/A | R4: =VLOOKUP(H4,'[1]算法匹配所有结果汇总(保留时间未归一）'!$H:$O,8,0) -> 6
A5: 56 | B5: CAEP(d14:3/21:4) | C5: 647.4587 | D5: 0.5 | E5: CAEP(d35:7) | F5: 11.478 | G5: 135914 | H5: [240.1927, 629.4434, 204.1709, 222.1838] | I5: [308.0312, 196.3472, 59.0, 44.0833] | J5: ['d14:3+2OH', 'CAEP(d35:7)-1H2O', 'd14:3', 'd14:3+OH'] | K5: 607.4617 | L5: 40 | M5: 0.59 | N5: #N/A | R5: =VLOOKUP(H5,'[1]算法匹配所有结果汇总(保留时间未归一）'!$H:$O,8,0) -> 1
A6: 97 | B6: CAEP(d14:3/25:4) | C6: 703.5164 | D6: 0.5 | E6: CAEP(d39:7) | F6: 6.942 | G6: 159861 | H6: [685.4972, 204.1732, 240.1965, 667.4903] | I6: [540.1639, 237.2426, 170.4133, 86.125] | J6: ['CAEP(d39:7)-1H2O', 'd14:3', 'd14:3+2OH', 'CAEP(d39:7)-2H2O'] | K6: 1033.9448 | L6: 50 | M6: 1 | N6: #N/A | R6: =VLOOKUP(H6,'[1]算法匹配所有结果汇总(保留时间未归一）'!$H:$O,8,0) -> 2
A7: 10 | B7: CAEP(d14:4/12:1) | C7: 525.3441 | D7: 0.88 | E7: CAEP(d26:5) | F7: 3.418 | G7: 15024 | H7: [507.3351, 126.0333, 202.1594, 489.3279, 220.1698, 238.1808, 400.3121] | I7: [886.3094, 413.6825, 325.0994, 305.1225, 201.9469, 182.656, 173.0513] | J7: ['CAEP(d26:5)-1H2O', '[C2H8NO3P+H]+', 'd14:4', 'CAEP(d26:5)-2H2O', 'd14:4+OH', 'd14:4+2OH', 'CAEP(d26:5)-C2H8NO3P'] | K7: 2487.868 | L7: 70.4 | M7: 0.93 | N7: #N/A | R7: =VLOOKUP(H7,'[1]算法匹配所有结果汇总(保留时间未归一）'!$H:$O,8,0) -> 5
A8: 192 | B8: CAEP(d14:4/40:2) | C8: 915.7619 | D8: 0.5 | E8: CAEP(d54:6) | F8: 10.782 | G8: 40314 | H8: [897.7521, 897.7521, 220.1712, 202.1607] | I8: [945.3245, 945.3245, 641.8412, 160.625] | J8: ['CAEP(d54:6)-1H2O', 'CAEP(d54:6)-1H2O', 'd14:4+OH', 'd14:4'] | K8: 2693.1152 | L8: 50 | M8: 1 | N8: #N/A | R8: =VLOOKUP(H8,'[1]算法匹配所有结果汇总(保留时间未归一）'!$H:$O,8,0) -> 1
A9: 38 | B9: CAEP(d15:3/20:3)(2OH) | C9: 665.4654 | D9: 0.75 | E9: CAEP(d35:6)(2OH) | F9: 12.46 | G9: 12180 | H9: [647.4542, 647.4542, 540.4346, 540.4346, 629.4525, 629.4525] | I9: [41.2404, 41.2404, 37.0833, 37.0833, 21.25, 21.25] | J9: ['CAEP(d35:6)(2OH)-1H2O', 'CAEP(d35:6)(2OH)-1H2O', 'CAEP(d35:6)(2OH)-C2H8NO3P', 'CAEP(d35:6)(2OH)-C2H8NO3P', 'CAEP(d35:6)(2OH)-2H2O', 'CAEP(d35:6)(2OH)-2H2O'] | K9: 199.1474 | L9: 75 | M9: 1 | N9: #N/A | R9: =VLOOKUP(H9,'[1]算法匹配所有结果汇总(保留时间未归一）'!$H:$O,8,0) -> 6
A10: 54 | B10: CAEP(d15:3/20:4) | C10: 647.4586 | D10: 0.38 | E10: CAEP(d35:7) | F10: 15.038 | G10: 84104 | H10: [218.1885, 254.2107, 236.1996] | I10: [230.4444, 49.0625, 26.25] | J10: ['d15:3', 'd15:3+2OH', 'd15:3+OH'] | K10: 305.7569 | L10: 38 | M10: 1 | N10: #N/A | R10: =VLOOKUP(H10,'[1]算法匹配所有结果汇总(保留时间未归一）'!$H:$O,8,0) -> 1
A11: 39 | B11: CAEP(d15:4/20:2)(2OH) | C11: 665.4654 | D11: 0.75 | E11: CAEP(d35:6)(2OH) | F11: 12.46 | G11: 12180 | H11: [647.4542, 647.4542, 540.4346, 540.4346, 629.4525, 629.4525] | I11: [41.2404, 41.2404, 37.0833, 37.0833, 21.25, 21.25] | J11: ['CAEP(d35:6)(2OH)-1H2O', 'CAEP(d35:6)(2OH)-1H2O', 'CAEP(d35:6)(2OH)-C2H8NO3P', 'CAEP(d35:6)(2OH)-C2H8NO3P', 'CAEP(d35:6)(2OH)-2H2O', 'CAEP(d35:6)(2OH)-2H2O'] | K11: 199.1474 | L11: 75 | M11: 1 | N11: #N/A | R11: =VLOOKUP(H11,'[1]算法匹配所有结果汇总(保留时间未归一）'!$H:$O,8,0) -> 6
A12: 24 | B12: CAEP(d16:3/14:0)(2OH) | C12: 601.4384 | D12: 0.38 | E12: CAEP(d30:3)(2OH) | F12: 4.871 | G12: 22393 | H12: [250.2151, 268.2267, 583.4347] | I12: [1137.0951, 267.2656, 133.5956] | J12: ['d16:3+OH', 'd16:3+2OH', 'CAEP(d30:3)(2OH)-1H2O'] | K12: 1537.9563 | L12: 34.2 | M12: 0.82 | N12: #N/A | R12: =VLOOKUP(H12,'[1]算法匹配所有结果汇总(保留时间未归一）'!$H:$O,8,0) -> 4
A13: 41 | B13: CAEP(d17:2/10:4)(2OH) | C13: 553.342 | D13: 0.62 | E13: CAEP(d27:6)(2OH) | F13: 8.117 | G13: 264846 | H13: [266.246, 248.2363, 284.2605, 535.3257, 517.3156] | I13: [4027.4604, 2861.3145, 668.1827, 72.0, 41.5] | J13: ['d17:2+OH', 'd17:2', 'd17:2+2OH', 'CAEP(d27:6)(2OH)-1H2O', 'CAEP(d27:6)(2OH)-2H2O'] | K13: 7670.4576 | L13: 55.8 | M13: 1 | N13: #N/A | R13: =VLOOKUP(H13,'[1]算法匹配所有结果汇总(保留时间未归一）'!$H:$O,8,0) -> 1
... A1654: 94 | B1654: type I B antigen(d30:3/15:4) | C1654: 1677.9436 | D1654: 0.38 | E1654: type I B antigen(d45:7) | F1654: 6.63 | G1654: 108768 | H1654: [1677.9206, 1189.7749, 1351.8056, 1659.9246, 1513.8616, 464.4493, 1497.8731, 1515.8697] | I1654: [36367.4805, 324.8064, 227.1739, 91.1008, 53.0865, 42.05, 40.75, 30.375] | J1654: ['type I B antigen(d45:7)', 'type I B antigen(d45:7)-Gal-Fuc-Gal-H2O', 'type I B antigen(d45:7)-Gal-Fuc-H2O', 'type I B antigen(d45:7)-1H2O', 'type I B antigen(d45:7)-Fuc-H2O', 'd30:3+2OH', 'type I B antigen(d45:7)-Gal-H2O', 'type I B antigen(d45:7)-Gal'] | K1654: 37176.823 | L1654: 38 | M1654: 1 | N1654: #N/A | R1654: =VLOOKUP(H1654,'[1]算法匹配所有结果汇总(保留时间未归一）'!$H:$O,8,0) -> 6
A1655: 5 | B1655: CAEP(d17:3/32:3) | C1655: 845.6922 | D1655: 0.62 | E1655: CAEP(d49:6) | F1655: 8.107 | G1655: [827.6862, 246.2263, 809.6561, 264.2293, 126.033] | H1655: [502.4498, 344.2664, 102.5568, 52.0, 20.0] | I1655: ['CAEP(d49:6)-1H2O', 'd17:3', 'CAEP(d49:6)-2H2O', 'd17:3+OH', '[C2H8NO3P+H]+'] | J1655: 1021.273 | K1655: 49.6 | L1655: 0.07 | M1655: CAEP(d17:3/x:3) | N1655: 32 | O1655: 1 | P1655: y = 0.5302x + -9.5492 | Q1655: 0.99231739 | R1655: =VLOOKUP(G1655,'[1]算法匹配所有结果汇总(保留时间未归一）'!$H:$O,8,0) -> 5
A1656: 1 | B1656: CAEP(d17:3/37:3) | C1656: 915.762 | D1656: 0.62 | E1656: CAEP(d54:6) | F1656: 10.07 | G1656: [897.7521, 897.7521, 282.2476, 246.2264, 264.2364] | H1656: [945.3245, 945.3245, 376.6039, 255.3672, 177.1157] | I1656: ['CAEP(d54:6)-1H2O', 'CAEP(d54:6)-1H2O', 'd17:3+2OH', 'd17:3', 'd17:3+OH'] | J1656: 2699.7358 | K1656: 62 | L1656: 1 | M1656: CAEP(d17:3/x:3) | N1656: 37 | O1656: 1 | P1656: y = 0.5302x + -9.5492 | Q1656: 0.99231739 | R1656: =VLOOKUP(G1656,'[1]算法匹配所有结果汇总(保留时间未归一）'!$H:$O,8,0) -> 1
A1657: 1 | B1657: CAEP(d17:3/53:3) | C1657: 1140.0145 | D1657: 0.38 | E1657: CAEP(d70:6) | F1657: 18.554 | G1657: [264.2368, 246.2257, 1014.9765] | H1657: [325.3785, 210.3603, 27.0] | I1657: ['d17:3+OH', 'd17:3', 'CAEP(d70:6)-C2H8NO3P'] | J1657: 562.7388 | K1657: 34.2 | L1657: 0.94 | M1657: CAEP(d17:3/x:3) | N1657: 53 | O1657: 1 | P1657: y = 0.5302x + -9.5492 | Q1657: 0.99231739 | R1657: =VLOOKUP(G1657,'[1]算法匹配所有结果汇总(保留时间未归一）'!$H:$O,8,0) -> 1
A1658: 2 | B1658: Cer(d14:0/18:0) | C1658: 512.5034 | D1658: 0.83 | E1658: Cer(d32:0) | F1658: 7.343 | G1658: [494.4922, 228.2321, 210.2209, 246.2439, 476.48] | H1658: [11305.5947, 4294.0005, 2972.4082, 1127.3517, 606.7742] | I1658: ['Cer(d32:0)-1H2O', 'd14:0+OH', 'd14:0', 'd14:0+2OH', 'Cer(d32:0)-2H2O'] | J1658: 20306.129 | K1658: 83 | L1658: 1 | M1658: Cer(d14:0/x:0) | N1658: 18 | O1658: 3 | P1658: y = 0.4402x + -0.6004 | Q1658: 0.99971138 | R1658: =VLOOKUP(G1658,'[1]算法匹配所有结果汇总(保留时间未归一）'!$H:$O,8,0) -> 2
A1659: 3 | B1659: Cer(d14:0/20:0) | C1659: 540.537 | D1659: 0.83 | E1659: Cer(d34:0) | F1659: 8.181 | G1659: [522.5233, 228.2315, 210.2209, 246.2429, 504.5137] | H1659: [18996.668, 3852.9404, 2629.9849, 2429.0127, 1796.4441] | I1659: ['Cer(d34:0)-1H2O', 'd14:0+OH', 'd14:0', 'd14:0+2OH', 'Cer(d34:0)-2H2O'] | J1659: 29705.05 | K1659: 83 | L1659: 1 | M1659: Cer(d14:0/x:0) | N1659: 20 | O1659: 3 | P1659: y = 0.4402x + -0.6004 | Q1659: 0.99971138 | R1659: =VLOOKUP(G1659,'[1]算法匹配所有结果汇总(保留时间未归一）'!$H:$O,8,0) -> 3
A1660: 2 | B1660: Cer(d14:0/22:0) | C1660: 568.5662 | D1660: 0.83 | E1660: Cer(d36:0) | F1660: 9.073 | G1660: [550.5542, 228.2313, 210.221, 246.2416, 532.5426] | H1660: [126174.2109, 34375.543, 21641.6777, 12911.3154, 5821.8608] | I1660: ['Cer(d36:0)-1H2O', 'd14:0+OH', 'd14:0', 'd14:0+2OH', 'Cer(d36:0)-2H2O'] | J1660: 200924.61 | K1660: 83 | L1660: 1 | M1660: Cer(d14:0/x:0) | N1660: 22 | O1660: 3 | P1660: y = 0.4402x + -0.6004 | Q1660: 0.99971138 | R1660: =VLOOKUP(G1660,'[1]算法匹配所有结果汇总(保留时间未归一）'!$H:$O,8,0) -> 2
A1661: 2 | B1661: Cer(d14:0/23:0) | C1661: 582.5824 | D1661: 0.83 | E1661: Cer(d37:0) | F1661: 9.524 | G1661: [564.5693, 228.2316, 210.2221, 246.2407, 546.5577] | H1661: [16977.707, 3920.9167, 2178.8452, 1274.4218, 1157.8484] | I1661: ['Cer(d37:0)-1H2O', 'd14:0+OH', 'd14:0', 'd14:0+2OH', 'Cer(d37:0)-2H2O'] | J1661: 25509.739 | K1661: 83 | L1661: 1 | M1661: Cer(d14:0/x:0) | N1661: 23 | O1661: 3 | P1661: y = 0.4402x + -0.6004 | Q1661: 0.99971138 | R1661: =VLOOKUP(G1661,'[1]算法匹配所有结果汇总(保留时间未归一）'!$H:$O,8,0) -> 2
A1662: 1 | B1662: Cer(d14:0/24:0) | C1662: 596.5979 | D1662: 0.83 | E1662: Cer(d38:0) | F1662: 9.981 | G1662: [578.5864, 228.2302, 560.579, 210.2209, 246.2418] | H1662: [12792.3682, 1372.7004, 1322.0033, 1101.8932, 926.7744] | I1662: ['Cer(d38:0)-1H2O', 'd14:0+OH', 'Cer(d38:0)-2H2O', 'd14:0', 'd14:0+2OH'] | J1662: 17515.739 | K1662: 66.4 | L1662: 0.82 | M1662: Cer(d14:0/x:0) | N1662: 24 | O1662: 3 | P1662: y = 0.4402x + -0.6004 | Q1662: 0.99971138 | R1662: =VLOOKUP(G1662,'[1]算法匹配所有结果汇总(保留时间未归一）'!$H:$O,8,0) -> 1
A1663: 2 | B1663: Cer(d14:1/13:0) | C1663: 440.4095 | D1663: 0.5 | E1663: Cer(d27:1) | F1663: 5.301 | G1663: [208.2048, 422.4065, 404.3818] | H1663: [78.0625, 53.0278, 43.875] | I1663: ['d14:1', 'Cer(d27:1)-1H2O', 'Cer(d27:1)-2H2O'] | J1663: 174.9653 | K1663: 45 | L1663: 0.98 | M1663: Cer(d14:1/x:0) | N1663: 13 | O1663: 6 | P1663: y = 0.3898x + 0.1170 | Q1663: 0.99391314 | R1663: =VLOOKUP(G1663,'[1]算法匹配所有结果汇总(保留时间未归一）'!$H:$O,8,0) -> 2
A1664: 2 | B1664: Cer(d14:1/16:0) | C1664: 482.4564 | D1664: 0.67 | E1664: Cer(d30:1) | F1664: 6.252 | G1664: [208.2055, 226.2164, 464.4459, 446.4377] | H1664: [51560.2578, 7543.251, 2944.0208, 1089.2339] | I1664: ['d14:1', 'd14:1+OH', 'Cer(d30:1)-1H2O', 'Cer(d30:1)-2H2O'] | J1664: 63136.764 | K1664: 67 | L1664: 1 | M1664: Cer(d14:1/x:0) | N1664: 16 | O1664: 6 | P1664: y = 0.3898x + 0.1170 | Q1664: 0.99391314 | R1664: =VLOOKUP(G1664,'[1]算法匹配所有结果汇总(保留时间未归一）'!$H:$O,8,0) -> 2
A1665: 2 | B1665: Cer(d14:1/18:0) | C1665: 510.4878 | D1665: 0.83 | E1665: Cer(d32:1) | F1665: 7.037 | G1665: [208.206, 226.2166, 492.4764, 474.4655, 244.2267] | H1665: [17409.2539, 2292.3271, 2244.8577, 725.6166, 46.25] | I1665: ['d14:1', 'd14:1+OH', 'Cer(d32:1)-1H2O', 'Cer(d32:1)-2H2O', 'd14:1+2OH'] | J1665: 22718.305 | K1665: 83 | L1665: 1 | M1665: Cer(d14:1/x:0) | N1665: 18 | O1665: 6 | P1665: y = 0.3898x + 0.1170 | Q1665: 0.99391314 | R1665: =VLOOKUP(G1665,'[1]算法匹配所有结果汇总(保留时间未归一）'!$H:$O,8,0) -> 2
A1666: 2 | B1666: Cer(d14:1/20:0) | C1666: 538.5192 | D1666: 0.83 | E1666: Cer(d34:1) | F1666: 7.888 | G1666: [208.2054, 226.216, 520.5071, 502.4967, 244.2263] | H1666: [184448.9688, 30581.502, 27351.7383, 6435.5498, 168.625] | I1666: ['d14:1', 'd14:1+OH', 'Cer(d34:1)-1H2O', 'Cer(d34:1)-2H2O', 'd14:1+2OH'] | J1666: 248986.38 | K1666: 83 | L1666: 1 | M1666: Cer(d14:1/x:0) | N1666: 20 | O1666: 6 | P1666: y = 0.3898x + 0.1170 | Q1666: 0.99391314 | R1666: =VLOOKUP(G1666,'[1]算法匹配所有结果汇总(保留时间未归一）'!$H:$O,8,0) -> 2
... A2271: 2 | B2271: So1P(t23:1) | C2271: 466.3293 | D2271: 0.43 | E2271: So1P(t23:1) | F2271: 5.423 | G2271: [368.3516, 350.3403, 412.2896] | H2271: [175.4, 86.0, 21.0833] | I2271: ['So1P(t23:1)-H3PO4', 'So1P(t23:1)-H2O-H3PO4', 'So1P(t23:1)-3H2O'] | J2271: 282.4833 | K2271: 43 | L2271: 1 | M2271: So1P(tx:1) | N2271: 23 | O2271: 388 | P2271: y = 0.2505x + -0.3192 | Q2271: 0.99888438 | R2271: =VLOOKUP(G2271,'[1]算法匹配所有结果汇总(保留时间未归一）'!$H:$O,8,0) -> 2

Sheet 原先没有加入的d18系列
B1: 注释 | F1: 未归一化时间 | K1: 强度总和 | O1: 片段位置 | Q1: 归一化时间
A2: 31 | B2: Cer(d18:0/15:0) | C2: 526.5187 | D2: 0.5 | E2: Cer(d33:0) | F2: 10.01 | G2: 36199 | H2: [508.5104, 266.2801, 490.4904] | I2: [128.0476, 81.4706, 24.0833] | J2: ['Cer(d33:0)-1H2O', 'd18:0', 'Cer(d33:0)-2H2O'] | K2: 233.6015 | L2: 45 | M2: 0.94 | O2: =VLOOKUP(I2,'[1]算法匹配所有结果汇总(保留时间未归一）'!$I:$O,7,0) -> 2 | Q2: =F2-2.5 -> 7.51
A3: 4 | B3: Cer(d18:4/15:4) | C3: 510.3949 | D3: 0.5 | E3: Cer(d33:8) | F3: 33.12 | G3: 15024 | H3: [294.2448, 492.3827, 258.2215] | I3: [132.75, 60.1658, 49.3333] | J3: ['d18:4+2OH', 'Cer(d33:8)-1H2O', 'd18:4'] | K3: 242.2491 | L3: 40 | M3: 0.44 | O3: =VLOOKUP(I3,'[1]算法匹配所有结果汇总(保留时间未归一）'!$I:$O,7,0) -> 6 | Q3: =F3-30 -> 3.12
A4: 172 | B4: PGCer(d18:1/35:2) | C4: 954.7875 | D4: 0.5 | E4: PGCer(d53:3) | F4: 15.191 | G4: 212529 | H4: [936.7813, 918.7641, 300.2896, 782.7698, 264.2716] | I4: [97.898, 75.3472, 48.0, 30.875, 28.1607] | J4: ['PGCer(d53:3)-1H2O', 'PGCer(d53:3)-2H2O', 'd18:1+2OH', 'PGCer(d53:3)-phosphoglycerol', 'd18:1'] | K4: 280.2809 | L4: 35 | M4: 0.4 | O4: =VLOOKUP(I4,'[1]算法匹配所有结果汇总(保留时间未归一）'!$I:$O,7,0) -> 1 | Q4: =F4-2 -> 13.191
A5: 188 | B5: PECer(d18:1/34:3) | C5: 907.7633 | D5: 0.44 | E5: PECer(d52:4) | F5: 19.011 | G5: 52108 | H5: [264.2678, 282.275, 889.761, 300.2859] | I5: [181.4083, 95.45, 27.0, 27.0] | J5: ['d18:1', 'd18:1+OH', 'PECer(d52:4)-1H2O', 'd18:1+2OH'] | K5: 330.8583 | L5: 39.6 | M5: 0.49 | O5: =VLOOKUP(I5,'[1]算法匹配所有结果汇总(保留时间未归一）'!$I:$O,7,0) -> 2 | Q5: =F5-2.5 -> 16.511
A6: 17 | B6: PECer(d18:2/11:4)(2OH) | C6: 597.3692 | D6: 0.44 | E6: PECer(d29:6)(2OH) | F6: 17.717 | G6: 8218 | H6: [456.3416, 280.2625, 262.2548, 579.3674] | I6: [169.05, 81.125, 50.45, 42.0833] | J6: ['PECer(d29:6)(2OH)-phosphoethanolamine', 'd18:2+OH', 'd18:2', 'PECer(d29:6)(2OH)-1H2O'] | K6: 342.7083 | L6: 39.6 | M6: 0.57 | O6: =VLOOKUP(I6,'[1]算法匹配所有结果汇总(保留时间未归一）'!$I:$O,7,0) -> 4 | Q6: =F6-12 -> 5.717
A7: 211 | B7: FMC-1(d18:4/35:4) | C7: 994.7703 | D7: 0.36 | E7: FMC-1(d53:8) | F7: 15.625 | G7: 827265 | H7: [294.246, 258.2223, 976.7517, 958.7496] | I7: [165.5156, 101.25, 51.2083, 39.4712] | J7: ['d18:4+2OH', 'd18:4', 'FMC-1(d53:8)-1H2O', 'FMC-1(d53:8)-2H2O'] | K7: 357.4451 | L7: 32.4 | M7: 0.94 | O7: =VLOOKUP(I7,'[1]算法匹配所有结果汇总(保留时间未归一）'!$I:$O,7,0) -> 1 | Q7: =F7-2 -> 13.625
A8: 21 | B8: Cer(d18:2/13:2) | C8: 490.4269 | D8: 0.5 | E8: Cer(d31:4) | F8: 10.891 | G8: 16000 | H8: [280.2595, 298.2747, 262.253] | I8: [129.3472, 124.25, 112.5] | J8: ['d18:2+OH', 'd18:2+2OH', 'd18:2'] | K8: 366.0972 | L8: 45 | M8: 0.89 | O8: =VLOOKUP(I8,'[1]算法匹配所有结果汇总(保留时间未归一）'!$I:$O,7,0) -> 1 | Q8: =F8-2 -> 8.891
A9: 22 | B9: Cer(d18:2/15:3)(2OH) | C9: 532.4397 | D9: 0.5 | E9: Cer(d33:5)(2OH) | F9: 13.432 | G9: 54725 | H9: [280.2617, 298.2727, 496.4188] | I9: [222.4402, 119.2857, 48.0] | J9: ['d18:2+OH', 'd18:2+2OH', 'Cer(d33:5)(2OH)-2H2O'] | K9: 389.7259 | L9: 40 | M9: 0.92 | O9: =VLOOKUP(I9,'[1]算法匹配所有结果汇总(保留时间未归一）'!$I:$O,7,0) -> 3 | Q9: =F9-4.5 -> 8.932
A10: 85 | B10: Cer(d18:3/25:4) | C10: 652.5677 | D10: 0.83 | E10: Cer(d43:7) | F10: 9.711 | G10: 7282 | H10: [296.2638, 634.5617, 260.2413, 616.5468, 278.2506] | I10: [192.0, 121.1111, 74.125, 38.1667, 25.0] | J10: ['d18:3+2OH', 'Cer(d43:7)-1H2O', 'd18:3', 'Cer(d43:7)-2H2O', 'd18:3+OH'] | K10: 450.4028 | L10: 58.1 | M10: 0.34 | O10: =VLOOKUP(I10,'[1]算法匹配所有结果汇总(保留时间未归一）'!$I:$O,7,0) -> 1 | Q10: =F10-2 -> 7.711
A11: 67 | B11: PICer(d18:3/17:4)(2OH) | C11: 798.4498 | D11: 0.44 | E11: PICer(d35:7)(2OH) | F11: 35.556 | G11: 787652 | H11: [296.2593, 278.2489, 636.3911, 780.4313] | I11: [213.4083, 163.025, 58.0, 20.25] | J11: ['d18:3+2OH', 'd18:3+OH', 'PICer(d35:7)(2OH)-C6H10O5', 'PICer(d35:7)(2OH)-1H2O'] | K11: 454.6833 | L11: 35.2 | M11: 0.67 | O11: =VLOOKUP(I11,'[1]算法匹配所有结果汇总(保留时间未归一）'!$I:$O,7,0) -> 6 | Q11: =F11-30 -> 5.556
A12: 172 | B12: FMC-6(d18:4/23:0) | C12: 1018.6854 | D12: 0.36 | E12: FMC-6(d41:4) | F12: 12.51 | G12: 55191 | H12: [294.2408, 958.679, 276.2278, 1000.6794] | I12: [206.875, 112.5, 70.25, 66.0865] | J12: ['d18:4+2OH', 'FMC-6(d41:4)-HOAc', 'd18:4+OH', 'FMC-6(d41:4)-1H2O'] | K12: 455.7115 | L12: 32.4 | M12: 0.03 | O12: =VLOOKUP(I12,'[1]算法匹配所有结果汇总(保留时间未归一）'!$I:$O,7,0) -> 1 | Q12: =F12-2 -> 10.51
A13: 172 | B13: CerP(d18:1/37:1) | C13: 910.8046 | D13: 0.44 | E13: CerP(d55:2) | F13: 12.137 | G13: 36199 | H13: [282.2826, 264.2702, 892.7969, 300.2843] | I13: [186.6421, 175.0, 76.5, 55.0312] | J13: ['d18:1+OH', 'd18:1', 'CerP(d55:2)-1H2O', 'd18:1+2OH'] | K13: 493.1733 | L13: 35.2 | O13: =VLOOKUP(I13,'[1]算法匹配所有结果汇总(保留时间未归一）'!$I:$O,7,0) -> 1 | Q13: =F13-2 -> 10.137
A14: 81 | B14: FMC-2(d18:0/26:2) | C14: 896.7207 | D14: 0.36 | E14: FMC-2(d44:2) | F14: 28.66 | G14: 52108 | H14: [284.2896, 878.722, 266.2843, 656.6697] | I14: [259.2426, 163.0227, 43.0357, 29.25] | J14: ['d18:0+OH', 'FMC-2(d44:2)-1H2O', 'd18:0', 'FMC-2(d44:2)-Gal-H2O-HOAc'] | K14: 494.551 | L14: 28.8 | M14: 0.14 | O14: =VLOOKUP(I14,'[1]算法匹配所有结果汇总(保留时间未归一）'!$I:$O,7,0) -> 4 | Q14: =F14-12 -> 16.66
A15: 80 | B15: FMC-3(d18:0/24:1) | C15: 896.7207 | D15: 0.36 | E15: FMC-3(d42:1) | F15: 28.66 | G15: 52108 | H15: [284.2896, 878.722, 614.6418, 266.2843] | I15: [259.2426, 163.0227, 51.05, 43.0357] | J15: ['d18:0+OH', 'FMC-3(d42:1)-1H2O', 'FMC-3(d42:1)-Gal_OAc-H2O-HOAc', 'd18:0'] | K15: 516.351 | L15: 32.4 | M15: 0.14 | O15: =VLOOKUP(I15,'[1]算法匹配所有结果汇总(保留时间未归一）'!$I:$O,7,0) -> 4 | Q15: =F15-12 -> 16.66
A16: 109 | B16: CAEP(d18:3/17:4)(2OH) | C16: 663.4535 | D16: 0.5 | E16: CAEP(d35:7)(2OH) | F16: 14.343 | G16: 87720 | H16: [296.2603, 260.2407, 538.4331, 278.2489] | I16: [246.375, 159.0833, 87.45, 36.1023] | J16: ['d18:3+2OH', 'd18:3', 'CAEP(d35:7)(2OH)-C2H8NO3P', 'd18:3+OH'] | K16: 529.0106 | L16: 35 | M16: 0.71 | O16: =VLOOKUP(I16,'[1]算法匹配所有结果汇总(保留时间未归一）'!$I:$O,7,0) -> 2 | Q16: =F16-2.5 -> 11.843
A17: 111 | B17: PECer(d18:0/25:2)(2OH) | C17: 801.65 | D17: 0.56 | E17: PECer(d43:2)(2OH) | F17: 15.008 | G17: 69705 | H17: [266.2835, 284.2967, 660.6236, 765.6263, 783.6448] | I17: [277.0179, 162.0, 48.375, 36.0833, 23.0] | J17: ['d18:0', 'd18:0+OH', 'PECer(d43:2)(2OH)-phosphoethanolamine', 'PECer(d43:2)(2OH)-2H2O', 'PECer(d43:2)(2OH)-1H2O'] | K17: 546.4762 | L17: 44.8 | M17: 0.79 | O17: =VLOOKUP(I17,'[1]算法匹配所有结果汇总(保留时间未归一）'!$I:$O,7,0) -> 1 | Q17: =F17-2 -> 13.008
A18: 17 | B18: FMC-3(d18:2/13:0) | C18: 740.5276 | D18: 0.36 | E18: FMC-3(d31:2) | F18: 19.436 | G18: 140163 | H18: [280.2643, 298.2729, 262.255, 476.4562] | I18: [210.75, 198.0, 112.25, 26.5] | J18: ['d18:2+OH', 'd18:2+2OH', 'd18:2', 'FMC-3(d31:2)-Gal_OAc-HOAc'] | K18: 547.5 | L18: 32.4 | M18: 0.99 | O18: =VLOOKUP(I18,'[1]算法匹配所有结果汇总(保留时间未归一）'!$I:$O,7,0) -> 4 | Q18: =F18-12 -> 7.436
A19: 201 | B19: FMC-5(d18:1/16:0) | C19: 910.6227 | D19: 0.36 | E19: FMC-5(d34:1) | F19: 9.487 | G19: 300631 | H19: [282.2764, 264.2653, 874.5926, 850.6086] | I19: [259.225, 177.0312, 74.625, 40.0662] | J19: ['d18:1+OH', 'd18:1', 'FMC-5(d34:1)-2H2O', 'FMC-5(d34:1)-HOAc'] | K19: 550.9474 | L19: 32.4 | M19: 0.91 | O19: =VLOOKUP(I19,'[1]算法匹配所有结果汇总(保留时间未归一）'!$I:$O,7,0) -> 2 | Q19: =F19-2.5 -> 6.987
A20: 137 | B20: Cer(d18:3/30:4) | C20: 722.6443 | D20: 0.5 | E20: Cer(d48:7) | F20: 17.361 | G20: 19952 | H20: [260.2424, 704.6249, 686.6104] | I20: [538.7772, 37.125, 28.0833] | J20: ['d18:3', 'Cer(d48:7)-1H2O', 'Cer(d48:7)-2H2O'] | K20: 603.9855 | L20: 50 | M20: 1 | O20: =VLOOKUP(I20,'[1]算法匹配所有结果汇总(保留时间未归一）'!$I:$O,7,0) -> 1 | Q20: =F20-2 -> 15.361
A21: 20 | B21: N-methylCAEP(d18:1/17:4) | C21: 665.5024 | D21: 0.38 | E21: N-methylCAEP(d35:5) | F21: 42.288 | G21: 143355 | H21: [282.2815, 264.2655, 526.4649] | I21: [437.0477, 129.1667, 41.0833] | J21: ['d18:1+OH', 'd18:1', 'N-methylCAEP(d35:5)-C3H10NO3P'] | K21: 607.2977 | L21: 30.4 | M21: 0.77 | O21: =VLOOKUP(I21,'[1]算法匹配所有结果汇总(保留时间未归一）'!$I:$O,7,0) -> 6 | Q21: =F21-30 -> 12.288
A22: 48 | B22: SM(d18:2/14:0)(2OH) | C22: 689.5227 | D22: 0.36 | E22: SM(d32:2)(2OH) | F22: 16.398 | G22: 56375 | H22: [671.5072, 262.2499, 630.4458, 298.2727] | I22: [256.0321, 169.0536, 135.05, 65.3214] | J22: ['SM(d32:2)(2OH)-1H2O', 'd18:2', 'SM(d32:2)(2OH)-C3H9N', 'd18:2+2OH'] | K22: 625.4571 | L22: 32.4 | M22: 0.88 | O22: =VLOOKUP(I22,'[1]算法匹配所有结果汇总(保留时间未归一）'!$I:$O,7,0) -> 4 | Q22: =F22-12 -> 4.398
A23: 212 | B23: SM(d18:2/31:0)(2OH) | C23: 927.7862 | D23: 0.36 | E23: SM(d49:2)(2OH) | F23: 9.581 | G23: 14584 | H23: [891.7643, 298.2745, 909.7788, 280.2689] | I23: [276.6352, 176.9423, 143.125, 30.375] | J23: ['SM(d49:2)(2OH)-2H2O', 'd18:2+2OH', 'SM(d49:2)(2OH)-1H2O', 'd18:2+OH'] | K23: 627.0775 | L23: 36 | M23: 1 | O23: =VLOOKUP(I23,'[1]算法匹配所有结果汇总(保留时间未归一）'!$I:$O,7,0) -> 2 | Q23: =F23-2.5 -> 7.081
A24: 36 | B24: CerP(d18:2/24:3)(2OH) | C24: 738.5501 | D24: 0.44 | E24: CerP(d42:5)(2OH) | F24: 38.766 | G24: 206949 | H24: [262.2563, 298.277, 280.2631, 640.5747] | I24: [228.1645, 211.1875, 118.0, 99.7788] | J24: ['d18:2', 'd18:2+2OH', 'd18:2+OH', 'CerP(d42:5)(2OH)-H3PO4'] | K24: 657.1308 | L24: 39.6 | M24: 0.49 | O24: =VLOOKUP(I24,'[1]算法匹配所有结果汇总(保留时间未归一）'!$I:$O,7,0) -> 6 | Q24: =F24-30 -> 8.766
A25: 207 | B25: CAEP(d18:4/36:2) | C25: 915.7617 | D25: 0.75 | E25: CAEP(d54:6) | F25: 12.519 | G25: 408755 | H25: [276.2322, 897.7622, 879.7485, 790.7239, 294.248, 258.2221] | I25: [314.0592, 121.0278, 88.875, 75.375, 42.875, 42.375] | J25: ['d18:4+OH', 'CAEP(d54:6)-1H2O', 'CAEP(d54:6)-2H2O', 'CAEP(d54:6)-C2H8NO3P', 'd18:4+2OH', 'd18:4'] | K25: 684.587 | L25: 45 | M25: 0.28 | O25: =VLOOKUP(I25,'[1]算法匹配所有结果汇总(保留时间未归一）'!$I:$O,7,0) -> 2 | Q25: =F25-2.5 -> 10.019
A26: 88 | B26: PGCer(d18:1/13:1) | C26: 648.462 | D26: 0.6 | E26: PGCer(d31:2) | F26: 13.478 | G26: 135914 | H26: [264.2731, 476.4399, 630.4545, 282.2811, 556.4117, 612.4368] | I26: [234.0417, 154.4408, 135.05, 114.0833, 39.5, 25.875] | J26: ['d18:1', 'PGCer(d31:2)-phosphoglycerol', 'PGCer(d31:2)-1H2O', 'd18:1+OH', 'PGCer(d31:2)-C3H8O3', 'PGCer(d31:2)-2H2O'] | K26: 702.9908 | L26: 48 | M26: 0.21 | O26: =VLOOKUP(I26,'[1]算法匹配所有结果汇总(保留时间未归一）'!$I:$O,7,0) -> 1 | Q26: =F26-2 -> 11.478
A27: 183 | B27: CAEP(d18:2/31:2)(2OH) | C27: 865.7154 | D27: 0.62 | E27: CAEP(d49:4)(2OH) | F27: 14.944 | G27: 125980 | H27: [262.2481, 280.2583, 829.685, 847.7033, 298.2705] | I27: [214.245, 196.2474, 125.0625, 116.0, 63.25] | J27: ['d18:2', 'd18:2+OH', 'CAEP(d49:4)(2OH)-2H2O', 'CAEP(d49:4)(2OH)-1H2O', 'd18:2+2OH'] | K27: 714.8049 | L27: 55.8 | M27: 0.84 | O27: =VLOOKUP(I27,'[1]算法匹配所有结果汇总(保留时间未归一）'!$I:$O,7,0) -> 2 | Q27: =F27-2.5 -> 12.444
A28: 180 | B28: FMC-2(d18:3/23:2) | C28: 848.6241 | D28: 0.45 | E28: FMC-2(d41:5) | F28: 14.455 | G28: 223738 | H28: [278.2432, 788.6269, 296.257, 626.563, 260.2371] | I28: [251.0074, 203.0, 169.0083, 76.5, 32.75] | J28: ['d18:3+OH', 'FMC-2(d41:5)-HOAc', 'd18:3+2OH', 'FMC-2(d41:5)-HOAc-Gal', 'd18:3'] | K28: 732.2657 | L28: 36 | M28: 0.65 | O28: =VLOOKUP(I28,'[1]算法匹配所有结果汇总(保留时间未归一）'!$I:$O,7,0) -> 2 | Q28: =F28-2.5 -> 11.955
A29: 178 | B29: FMC-2(d18:4/34:4) | C29: 996.749 | D29: 0.55 | E29: FMC-2(d52:8) | F29: 13.172 | G29: 10209 | H29: [294.2423, 936.7304, 978.7399, 756.6713, 960.7149, 276.2325] | I29: [281.0331, 207.1023, 142.4654, 64.0625, 39.0625, 23.5956] | J29: ['d18:4+2OH', 'FMC-2(d52:8)-HOAc', 'FMC-2(d52:8)-1H2O', 'FMC-2(d52:8)-Gal-H2O-HOAc', 'FMC-2(d52:8)-2H2O', 'd18:4+OH'] | K29: 757.3214 | L29: 38.5 | M29: 0.89 | O29: =VLOOKUP(I29,'[1]算法匹配所有结果汇总(保留时间未归一）'!$I:$O,7,0) -> 1 | Q29: =F29-2 -> 11.172
A30: 57 | B30: Cer(d18:2/26:2)(dOH) | C30: 704.6143 | D30: 0.5 | E30: Cer(d44:4)(dOH) | F30: 22.279 | G30: 125980 | H30: [686.6118, 262.2544, 668.5961] | I30: [384.0855, 320.928, 54.0] | J30: ['Cer(d44:4)(dOH)-1H2O', 'd18:2', 'Cer(d44:4)(dOH)-2H2O'] | K30: 759.0135 | L30: 45 | M30: 0.9 | O30: =VLOOKUP(I30,'[1]算法匹配所有结果汇总(保留时间未归一）'!$I:$O,7,0) -> 4 | Q30: =F30-12 -> 10.279
A31: 37 | B31: Cer(d18:1/20:1)(dOH) | C31: 624.5555 | D31: 0.5 | E31: Cer(d38:2)(dOH) | F31: 20.037 | G31: 95608 | H31: [606.5499, 282.278, 264.2703] | I31: [404.1875, 303.4583, 64.0833] | J31: ['Cer(d38:2)(dOH)-1H2O', 'd18:1+OH', 'd18:1'] | K31: 771.7291 | L31: 45 | M31: 0.91 | O31: =VLOOKUP(I31,'[1]算法匹配所有结果汇总(保留时间未归一）'!$I:$O,7,0) -> 4 | Q31: =F31-12 -> 8.037
A32: 85 | B32: SM(d18:2/25:1) | C32: 825.6838 | D32: 0.36 | E32: SM(d43:3) | F32: 17.283 | G32: 264846 | H32: [104.106, 298.2769, 807.6739, 280.2647] | I32: [292.0947, 286.05, 105.0, 92.654] | J32: ['P-O断裂', 'd18:2+2OH', 'SM(d43:3)-1H2O', 'd18:2+OH'] | K32: 775.7987 | L32: 36 | M32: 1 | O32: =VLOOKUP(I32,'[1]算法匹配所有结果汇总(保留时间未归一）'!$I:$O,7,0) -> 4 | Q32: =F32-12 -> 5.283
A33: 20 | B33: Cer(d18:2/20:3) | C33: 586.5217 | D33: 0.5 | E33: Cer(d38:5) | F33: 20.654 | G33: 827265 | H33: [262.252, 568.5092, 298.2743] | I33: [424.1976, 219.0, 148.4444] | J33: ['d18:2', 'Cer(d38:5)-1H2O', 'd18:2+2OH'] | K33: 791.642 | L33: 45 | M33: 0.56 | O33: =VLOOKUP(I33,'[1]算法匹配所有结果汇总(保留时间未归一）'!$I:$O,7,0) -> 4 | Q33: =F33-12 -> 8.654
A34: 177 | B34: FMC-3(d18:4/32:3) | C34: 996.749 | D34: 0.55 | E34: FMC-3(d50:7) | F34: 13.172 | G34: 10209 | H34: [294.2423, 936.7304, 978.7399, 792.6787, 960.7149, 276.2325] | I34: [281.0331, 207.1023, 142.4654, 99.0, 39.0625, 23.5956] | J34: ['d18:4+2OH', 'FMC-3(d50:7)-HOAc', 'FMC-3(d50:7)-1H2O', 'FMC-3(d50:7)-Gal_OAc', 'FMC-3(d50:7)-2H2O', 'd18:4+OH'] | K34: 792.2589 | L34: 49.5 | M34: 0.93 | O34: =VLOOKUP(I34,'[1]算法匹配所有结果汇总(保留时间未归一）'!$I:$O,7,0) -> 1 | Q34: =F34-2 -> 11.172
A35: 36 | B35: Cer(d18:1/26:2)(dOH) | C35: 706.6366 | D35: 0.5 | E35: Cer(d44:3)(dOH) | F35: 40.346 | G35: 53622 | H35: [688.6306, 282.2788, 264.2706] | I35: [397.1191, 333.9641, 64.0081] | J35: ['Cer(d44:3)(dOH)-1H2O', 'd18:1+OH', 'd18:1'] | K35: 795.0913 | L35: 40 | M35: 0.71 | O35: =VLOOKUP(I35,'[1]算法匹配所有结果汇总(保留时间未归一）'!$I:$O,7,0) -> 6 | Q35: =F35-30 -> 10.346
A36: 76 | B36: CAEP(d18:1/15:0)(2OH) | C36: 647.5108 | D36: 0.5 | E36: CAEP(d33:1)(2OH) | F36: 13.478 | G36: 135914 | H36: [264.2693, 282.2783, 300.2882, 629.5001] | I36: [397.026, 199.5956, 143.0, 73.1111] | J36: ['d18:1', 'd18:1+OH', 'd18:1+2OH', 'CAEP(d33:1)(2OH)-1H2O'] | K36: 812.7327 | L36: 40 | M36: 0.93 | O36: =VLOOKUP(I36,'[1]算法匹配所有结果汇总(保留时间未归一）'!$I:$O,7,0) -> 1 | Q36: =F36-2 -> 11.478
A37: 23 | B37: HexCer(t18:2/12:4)(OH) | C37: 666.421 | D37: 0.36 | E37: HexCer(t30:6)(OH) | F37: 36.892 | G37: 9611 | H37: [260.2407, 278.251, 666.4255, 630.4037] | I37: [337.7723, 305.2041, 138.7961, 38.25] | J37: ['t18:2', 't18:2+OH', 'HexCer(t30:6)(OH)', 'HexCer(t30:6)(OH)-2H2O'] | K37: 820.0225 | L37: 28.8 | M37: 0.05 | O37: =VLOOKUP(I37,'[1]算法匹配所有结果汇总(保留时间未归一）'!$I:$O,7,0) -> 6 | Q37: =F37-30 -> 6.892
A38: 169 | B38: N-methylCAEP(d18:3/33:4) | C38: 885.723 | D38: 0.5 | E38: N-methylCAEP(d51:7) | F38: 15.757 | G38: 180258 | H38: [278.2468, 296.258, 746.6728, 867.7235] | I38: [398.9698, 198.225, 126.651, 124.3603] | J38: ['d18:3+OH', 'd18:3+2OH', 'N-methylCAEP(d51:7)-C3H10NO3P', 'N-methylCAEP(d51:7)-1H2O'] | K38: 848.2061 | L38: 45 | M38: 0.96 | O38: =VLOOKUP(I38,'[1]算法匹配所有结果汇总(保留时间未归一）'!$I:$O,7,0) -> 2 | Q38: =F38-2.5 -> 13.257
A39: 102 | B39: PICer(d18:4/19:2)(2OH) | C39: 828.4992 | D39: 0.56 | E39: PICer(d37:6)(2OH) | F39: 10.15 | G39: 787652 | H39: [810.4875, 294.2419, 792.4649, 666.4372, 568.4628] | I39: [282.3333, 235.0667, 200.3324, 92.5568, 78.2812] | J39: ['PICer(d37:6)(2OH)-1H2O', 'd18:4+2OH', 'PICer(d37:6)(2OH)-2H2O', 'PICer(d37:6)(2OH)-C6H10O5', 'PICer(d37:6)(2OH)-phosphate'] | K39: 888.5704 | L39: 39.2 | M39: 0.87 | O39: =VLOOKUP(I39,'[1]算法匹配所有结果汇总(保留时间未归一）'!$I:$O,7,0) -> 3 | Q39: =F39-4.5 -> 5.65
A40: 56 | B40: HexCer(d18:1/14:0) | C40: 672.5409 | D40: 0.44 | E40: HexCer(d32:1) | F40: 10.139 | G40: 787652 | H40: [672.5404, 300.2905, 654.5343, 264.2668] | I40: [550.8774, 152.025, 128.75, 59.5] | J40: ['HexCer(d32:1)', 'd18:1+2OH', 'HexCer(d32:1)-1H2O', 'd18:1'] | K40: 891.1524 | L40: 35.2 | M40: 0.84 | O40: =VLOOKUP(I40,'[1]算法匹配所有结果汇总(保留时间未归一）'!$I:$O,7,0) -> 3 | Q40: =F40-4.5 -> 5.639
A41: 101 | B41: HexCer(d18:1/14:1) | C41: 670.5246 | D41: 0.56 | E41: HexCer(d32:2) | F41: 6.963 | G41: 494325 | H41: [670.5193, 652.5032, 282.2797, 264.2708, 508.4746] | I41: [596.546, 217.125, 146.0357, 23.2404, 20.0833] | J41: ['HexCer(d32:2)', 'HexCer(d32:2)-1H2O', 'd18:1+OH', 'd18:1', 'HexCer(d32:2)-Hex'] | K41: 1003.0304 | L41: 39.2 | M41: 0.91 | O41: =VLOOKUP(I41,'[1]算法匹配所有结果汇总(保留时间未归一）'!$I:$O,7,0) -> 1 | Q41: =F41-2 -> 4.963
A42: 107 | B42: Cer(d18:4/26:3) | C42: 666.5818 | D42: 0.5 | E42: Cer(d44:7) | F42: 15.784 | G42: 84104 | H42: [258.226, 276.2293, 648.5644] | I42: [601.0, 397.2287, 43.5568] | J42: ['d18:4', 'd18:4+OH', 'Cer(d44:7)-1H2O'] | K42: 1041.7855 | L42: 45 | M42: 0.72 | O42: =VLOOKUP(I42,'[1]算法匹配所有结果汇总(保留时间未归一）'!$I:$O,7,0) -> 2 | Q42: =F42-2.5 -> 13.284
A43: 178 | B43: Cer(d18:1/37:4)(dOH) | C43: 856.7761 | D43: 0.83 | E43: Cer(d55:5)(dOH) | F43: 14.121 | G43: 53622 | H43: [264.269, 282.2773, 300.2938, 838.7738, 820.7435] | I43: [542.1884, 233.4402, 188.005, 151.8929, 68.0625] | J43: ['d18:1', 'd18:1+OH', 'd18:1+2OH', 'Cer(d55:5)(dOH)-1H2O', 'Cer(d55:5)(dOH)-2H2O'] | K43: 1183.589 | L43: 66.4 | M43: 0.76 | O43: =VLOOKUP(I43,'[1]算法匹配所有结果汇总(保留时间未归一）'!$I:$O,7,0) -> 2 | Q43: =F43-2.5 -> 11.621
A44: 153 | B44: N-methylCAEP(d18:4/35:4) | C44: 911.7332 | D44: 0.5 | E44: N-methylCAEP(d53:8) | F44: 16.476 | G44: 143355 | H44: [893.7274, 875.6966, 294.239, 772.7063] | I44: [684.77, 240.0, 191.375, 133.3472] | J44: ['N-methylCAEP(d53:8)-1H2O', 'N-methylCAEP(d53:8)-2H2O', 'd18:4+2OH', 'N-methylCAEP(d53:8)-C3H10NO3P'] | K44: 1249.4922 | L44: 50 | M44: 1 | O44: =VLOOKUP(I44,'[1]算法匹配所有结果汇总(保留时间未归一）'!$I:$O,7,0) -> 1 | Q44: =F44-2 -> 14.476
A45: 192 | B45: HexCer(d18:1/31:0) | C45: 910.8067 | D45: 0.67 | E45: HexCer(d49:1) | F45: 13.264 | G45: 69705 | H45: [910.8133, 264.2693, 282.2753, 892.7806, 874.7832, 300.2899] | I45: [528.1241, 268.0, 221.2976, 117.625, 88.4692, 55.5714] | J45: ['HexCer(d49:1)', 'd18:1', 'd18:1+OH', 'HexCer(d49:1)-1H2O', 'HexCer(d49:1)-2H2O', 'd18:1+2OH'] | K45: 1279.0873 | L45: 46.9 | M45: 0.68 | O45: =VLOOKUP(I45,'[1]算法匹配所有结果汇总(保留时间未归一）'!$I:$O,7,0) -> 2 | Q45: =F45-2.5 -> 10.764
A46: 105 | B46: FMC-2(d18:3/10:3) | C46: 664.4076 | D46: 0.36 | E46: FMC-2(d28:6) | F46: 11.234 | G46: 10209 | H46: [442.3587, 260.236, 296.2557, 278.2452] | I46: [488.9145, 305.875, 296.0769, 195.125] | J46: ['FMC-2(d28:6)-HOAc-Gal', 'd18:3', 'd18:3+2OH', 'd18:3+OH'] | K46: 1285.9914 | L46: 28.8 | M46: 0.11 | O46: =VLOOKUP(I46,'[1]算法匹配所有结果汇总(保留时间未归一）'!$I:$O,7,0) -> 2 | Q46: =F46-2.5 -> 8.734
A47: 195 | B47: N-methylCAEP(d18:4/37:4) | C47: 939.7646 | D47: 0.5 | E47: N-methylCAEP(d55:8) | F47: 17.982 | G47: 16298 | H47: [921.7505, 294.2412, 903.7337, 276.2269] | I47: [694.6985, 461.25, 106.3472, 59.5625] | J47: ['N-methylCAEP(d55:8)-1H2O', 'd18:4+2OH', 'N-methylCAEP(d55:8)-2H2O', 'd18:4+OH'] | K47: 1321.8582 | L47: 45 | M47: 0.97 | O47: =VLOOKUP(I47,'[1]算法匹配所有结果汇总(保留时间未归一）'!$I:$O,7,0) -> 2 | Q47: =F47-2.5 -> 15.482
A48: 143 | B48: GlcNAcManGlcCer(d18:4/45:3) | C48: 1460.0654 | D48: 0.38 | E48: GlcNAcManGlcCer(d63:7) | F48: 10.801 | G48: 17549 | H48: [1460.0856, 1442.0781, 294.2419, 914.8602, 1424.0627] | I48: [722.3299, 398.5364, 153.0312, 58.0, 47.1655] | J48: ['GlcNAcManGlcCer(d63:7)', 'GlcNAcManGlcCer(d63:7)-1H2O', 'd18:4+2OH', 'GlcNAcManGlcCer(d63:7)-GlcNAc-Gal-Glc-H2O', 'GlcNAcManGlcCer(d63:7)-2H2O'] | K48: 1379.063 | L48: 38 | M48: 1 | O48: =VLOOKUP(I48,'[1]算法匹配所有结果汇总(保留时间未归一）'!$I:$O,7,0) -> 3 | Q48: =F48-4.5 -> 6.301
A49: 103 | B49: Gb3(d18:4/11:2) | C49: 944.5197 | D49: 0.38 | E49: Gb3(d29:6) | F49: 15.464 | G49: 309927 | H49: [944.5254, 276.2367, 926.5157, 908.5166, 440.3464] | I49: [845.0775, 194.1023, 146.0625, 119.5237, 103.5] | J49: ['Gb3(d29:6)', 'd18:4+OH', 'Gb3(d29:6)-1H2O', 'Gb3(d29:6)-2H2O', 'Gb3(d29:6)-Gal-Gal-Glc-H2O'] | K49: 1408.266 | L49: 30.4 | M49: 0.93 | O49: =VLOOKUP(I49,'[1]算法匹配所有结果汇总(保留时间未归一）'!$I:$O,7,0) -> 4 | Q49: =F49-12 -> 3.464
A50: 118 | B50: SSEA-3 antigen(d18:2/18:4) | C50: 1407.7652 | D50: 0.35 | E50: SSEA-3 antigen(d36:6) | F50: 27.348 | G50: 7282 | H50: [1407.767, 862.5587, 1227.7043, 880.5835, 280.2605, 1371.7339] | I50: [1083.6134, 157.2917, 97.2841, 67.0625, 45.0, 37.25] | J50: ['SSEA-3 antigen(d36:6)', 'SSEA-3 antigen(d36:6)-Gal-GalNAc-Gal-H2O', 'SSEA-3 antigen(d36:6)-Gal-H2O', 'SSEA-3 antigen(d36:6)-Gal-GalNAc-Gal', 'd18:2+OH', 'SSEA-3 antigen(d36:6)-2H2O'] | K50: 1487.5017 | L50: 28 | M50: 0.98 | O50: =VLOOKUP(I50,'[1]算法匹配所有结果汇总(保留时间未归一）'!$I:$O,7,0) -> 5 | Q50: =F50-22 -> 5.348
A51: 127 | B51: FMC-2(d18:4/17:4) | C51: 758.4901 | D51: 0.55 | E51: FMC-2(d35:8) | F51: 6.446 | G51: 57838 | H51: [740.4737, 722.4783, 258.2229, 698.4953, 596.4376, 578.4238] | I51: [708.0625, 320.49, 222.0282, 138.0, 74.1667, 38.1607] | J51: ['FMC-2(d35:8)-1H2O', 'FMC-2(d35:8)-2H2O', 'd18:4', 'FMC-2(d35:8)-HOAc', 'FMC-2(d35:8)-Gal', 'FMC-2(d35:8)-Gal-H2O'] | K51: 1500.9081 | L51: 44 | M51: 0.99 | O51: =VLOOKUP(I51,'[1]算法匹配所有结果汇总(保留时间未归一）'!$I:$O,7,0) -> 1 | Q51: =F51-2 -> 4.446
A52: 219 | B52: FMC-1(d18:4/34:4) | C52: 980.7548 | D52: 0.36 | E52: FMC-1(d52:8) | F52: 16.101 | G52: 84089 | H52: [294.2402, 276.2358, 962.7269, 944.7494] | I52: [975.7796, 479.1303, 126.3913, 63.2083] | J52: ['d18:4+2OH', 'd18:4+OH', 'FMC-1(d52:8)-1H2O', 'FMC-1(d52:8)-2H2O'] | K52: 1644.5095 | L52: 32.4 | M52: 0.78 | O52: =VLOOKUP(I52,'[1]算法匹配所有结果汇总(保留时间未归一）'!$I:$O,7,0) -> 2 | Q52: =F52-2.5 -> 13.601
A53: 211 | B53: HexCer(d18:2/51:4)(OH) | C53: 1197.0363 | D53: 0.56 | E53: HexCer(d69:6)(OH) | F53: 19.2 | G53: 52108 | H53: [262.2499, 280.2599, 1197.0296, 1179.023, 1161.0371] | I53: [717.5444, 614.4105, 220.2604, 111.375, 37.0625] | J53: ['d18:2', 'd18:2+OH', 'HexCer(d69:6)(OH)', 'HexCer(d69:6)(OH)-1H2O', 'HexCer(d69:6)(OH)-2H2O'] | K53: 1700.6528 | L53: 50.4 | M53: 0.98 | O53: =VLOOKUP(I53,'[1]算法匹配所有结果汇总(保留时间未归一）'!$I:$O,7,0) -> 2 | Q53: =F53-2.5 -> 16.7
A54: 186 | B54: HexCer(d18:2/33:2) | C54: 932.7903 | D54: 0.67 | E54: HexCer(d51:4) | F54: 12.843 | G54: 40314 | H54: [932.774, 262.2491, 914.7666, 280.2648, 298.276, 896.7754] | I54: [1095.5475, 202.4821, 194.3269, 137.25, 68.025, 46.4712] | J54: ['HexCer(d51:4)', 'd18:2', 'HexCer(d51:4)-1H2O', 'd18:2+OH', 'd18:2+2OH', 'HexCer(d51:4)-2H2O'] | K54: 1744.1027 | L54: 60.3 | M54: 0.91 | O54: =VLOOKUP(I54,'[1]算法匹配所有结果汇总(保留时间未归一）'!$I:$O,7,0) -> 1 | Q54: =F54-2 -> 10.843
A55: 75 | B55: Cer(d18:0/19:0)(2OH) | C55: 598.5762 | D55: 0.5 | E55: Cer(d37:0)(2OH) | F55: 14.31 | G55: 53622 | H55: [266.28, 580.5599, 284.295] | I55: [1619.5162, 190.0227, 85.5] | J55: ['d18:0', 'Cer(d37:0)(2OH)-1H2O', 'd18:0+OH'] | K55: 1895.0389 | L55: 45 | M55: 0.49 | O55: =VLOOKUP(I55,'[1]算法匹配所有结果汇总(保留时间未归一）'!$I:$O,7,0) -> 2 | Q55: =F55-2.5 -> 11.81
A56: 127 | B56: Cer(d18:4/28:4)(2OH) | C56: 708.5932 | D56: 0.83 | E56: Cer(d46:8)(2OH) | F56: 14.538 | G56: 223738 | H56: [690.59, 276.229, 294.2429, 258.2266, 672.569] | I56: [919.125, 534.0079, 252.0632, 204.5326, 31.5] | J56: ['Cer(d46:8)(2OH)-1H2O', 'd18:4+OH', 'd18:4+2OH', 'd18:4', 'Cer(d46:8)(2OH)-2H2O'] | K56: 1941.2287 | L56: 58.1 | M56: 0.46 | O56: =VLOOKUP(I56,'[1]算法匹配所有结果汇总(保留时间未归一）'!$I:$O,7,0) -> 2 | Q56: =F56-2.5 -> 12.038
A57: 177 | B57: HexCer(d18:4/26:2)(OH) | C57: 846.6444 | D57: 0.44 | E57: HexCer(d44:6)(OH) | F57: 11.373 | G57: 135914 | H57: [846.6414, 294.238, 828.6196, 810.6294] | I57: [1333.8457, 429.2161, 139.625, 39.375] | J57: ['HexCer(d44:6)(OH)', 'd18:4+2OH', 'HexCer(d44:6)(OH)-1H2O', 'HexCer(d44:6)(OH)-2H2O'] | K57: 1942.0618 | L57: 35.2 | M57: 0.94 | O57: =VLOOKUP(I57,'[1]算法匹配所有结果汇总(保留时间未归一）'!$I:$O,7,0) -> 2 | Q57: =F57-2.5 -> 8.873
A58: 45 | B58: Cer(d18:2/20:2) | C58: 588.5323 | D58: 0.67 | E58: Cer(d38:4) | F58: 13.298 | G58: 54725 | H58: [262.2532, 280.2604, 570.5192, 298.2728] | I58: [1230.0161, 342.157, 272.4853, 183.8] | J58: ['d18:2', 'd18:2+OH', 'Cer(d38:4)-1H2O', 'd18:2+2OH'] | K58: 2028.4584 | L58: 40.2 | M58: 0.04 | O58: =VLOOKUP(I58,'[1]算法匹配所有结果汇总(保留时间未归一）'!$I:$O,7,0) -> 3 | Q58: =F58-4.5 -> 8.798
A59: 64 | B59: Cer(d18:0/24:1) | C59: 650.6442 | D59: 0.83 | E59: Cer(d42:1) | F59: 14.078 | G59: 100941 | H59: [632.6343, 284.2954, 614.6233, 266.2853, 302.3084] | I59: [930.3857, 394.4401, 372.375, 268.5202, 93.3952] | J59: ['Cer(d42:1)-1H2O', 'd18:0+OH', 'Cer(d42:1)-2H2O', 'd18:0', 'd18:0+2OH'] | K59: 2059.1162 | L59: 58.1 | M59: 0.09 | O59: =VLOOKUP(I59,'[1]算法匹配所有结果汇总(保留时间未归一）'!$I:$O,7,0) -> 1 | Q59: =F59-2 -> 12.078
A60: 108 | B60: Cer(d18:1/25:1)(2OH) | C60: 678.6387 | D60: 0.67 | E60: Cer(d43:2)(2OH) | F60: 14.696 | G60: 206949 | H60: [282.2834, 300.2877, 264.2697, 660.6306] | I60: [802.75, 798.179, 358.122, 109.3472] | J60: ['d18:1+OH', 'd18:1+2OH', 'd18:1', 'Cer(d43:2)(2OH)-1H2O'] | K60: 2068.3982 | L60: 67 | M60: 1 | O60: =VLOOKUP(I60,'[1]算法匹配所有结果汇总(保留时间未归一）'!$I:$O,7,0) -> 1 | Q60: =F60-2 -> 12.696
A61: 63 | B61: N-methylCAEP(d18:2/28:4) | C61: 817.6584 | D61: 0.5 | E61: N-methylCAEP(d46:6) | F61: 36.797 | G61: 293044 | H61: [262.2538, 280.262, 799.6517, 298.2758] | I61: [876.0143, 683.3461, 291.0153, 228.9698] | J61: ['d18:2', 'd18:2+OH', 'N-methylCAEP(d46:6)-1H2O', 'd18:2+2OH'] | K61: 2079.3455 | L61: 50 | M61: 1 | O61: =VLOOKUP(I61,'[1]算法匹配所有结果汇总(保留时间未归一）'!$I:$O,7,0) -> 6 | Q61: =F61-30 -> 6.797
A62: 194 | B62: N-methylCAEP(d18:2/35:4) | C62: 915.7619 | D62: 0.5 | E62: N-methylCAEP(d53:6) | F62: 12.782 | G62: 40314 | H62: [897.7521, 897.7521, 298.2774, 262.2541] | I62: [945.3245, 945.3245, 279.3611, 118.0] | J62: ['N-methylCAEP(d53:6)-1H2O', 'N-methylCAEP(d53:6)-1H2O', 'd18:2+2OH', 'd18:2'] | K62: 2288.0101 | L62: 45 | M62: 0.85 | O62: =VLOOKUP(I62,'[1]算法匹配所有结果汇总(保留时间未归一）'!$I:$O,7,0) -> 1 | Q62: =F62-2 -> 10.782
A63: 101 | B63: Cer(d18:0/26:2)(2OH) | C63: 692.6536 | D63: 0.5 | E63: Cer(d44:2)(2OH) | F63: 15.951 | G63: 19952 | H63: [266.2804, 674.6514, 284.2898] | I63: [2129.6746, 167.3636, 167.125] | J63: ['d18:0', 'Cer(d44:2)(2OH)-1H2O', 'd18:0+OH'] | K63: 2464.1632 | L63: 40 | M63: 0.56 | O63: =VLOOKUP(I63,'[1]算法匹配所有结果汇总(保留时间未归一）'!$I:$O,7,0) -> 2 | Q63: =F63-2.5 -> 13.451
A64: 109 | B64: HexCer(d18:2/14:0)(OH) | C64: 686.5193 | D64: 0.44 | E64: HexCer(d32:2)(OH) | F64: 6.946 | G64: 494325 | H64: [686.5141, 668.5115, 298.2761, 262.2478] | I64: [1947.3196, 238.125, 198.7824, 89.0] | J64: ['HexCer(d32:2)(OH)', 'HexCer(d32:2)(OH)-1H2O', 'd18:2+2OH', 'd18:2'] | K64: 2473.227 | L64: 35.2 | M64: 0.95 | O64: =VLOOKUP(I64,'[1]算法匹配所有结果汇总(保留时间未归一）'!$I:$O,7,0) -> 1 | Q64: =F64-2 -> 4.946
A65: 7 | B65: CerP(d18:4/10:1)(2OH) | C65: 542.3287 | D65: 0.56 | E65: CerP(d28:5)(2OH) | F65: 33.114 | G65: 309927 | H65: [524.3157, 506.3032, 294.2418, 426.3368, 276.2277] | I65: [1811.3236, 259.6377, 198.6576, 149.25, 63.1359] | J65: ['CerP(d28:5)(2OH)-1H2O', 'CerP(d28:5)(2OH)-2H2O', 'd18:4+2OH', 'CerP(d28:5)(2OH)-H2O-H3PO4', 'd18:4+OH'] | K65: 2482.0048 | L65: 44.8 | M65: 0.85 | O65: =VLOOKUP(I65,'[1]算法匹配所有结果汇总(保留时间未归一）'!$I:$O,7,0) -> 6 | Q65: =F65-30 -> 3.114
A66: 54 | B66: PGCer(d18:1/18:2) | C66: 716.5241 | D66: 0.4 | E66: PGCer(d36:3) | F66: 19.786 | G66: 268729 | H66: [282.2798, 698.5087, 680.5134, 264.2677] | I66: [2277.2612, 187.9185, 181.8523, 32.0] | J66: ['d18:1+OH', 'PGCer(d36:3)-1H2O', 'PGCer(d36:3)-2H2O', 'd18:1'] | K66: 2679.032 | L66: 40 | M66: 1 | O66: =VLOOKUP(I66,'[1]算法匹配所有结果汇总(保留时间未归一）'!$I:$O,7,0) -> 4 | Q66: =F66-12 -> 7.786
A67: 45 | B67: HexCer(t18:0/16:0)(OH) | C67: 750.5791 | D67: 0.73 | E67: HexCer(t34:0)(OH)(OH) | F67: 36.647 | G67: 14584 | H67: [750.5698, 282.2792, 300.2865, 264.2674, 732.5656, 570.5111, 696.5485, 588.5203] | I67: [1247.0139, 582.5, 280.3967, 253.4536, 193.3611, 99.5316, 89.0, 49.5556] | J67: ['HexCer(t34:0)(OH)(OH)', 't18:0+OH', 't18:0+2OH', 't18:0', 'HexCer(t34:0)(OH)(OH)-1H2O', 'HexCer(t34:0)(OH)(OH)-Hex-H2O', 'HexCer(t34:0)(OH)(OH)-3H2O', 'HexCer(t34:0)(OH)(OH)-Hex'] | K67: 2794.8125 | L67: 65.7 | M67: 0.23 | O67: =VLOOKUP(I67,'[1]算法匹配所有结果汇总(保留时间未归一）'!$I:$O,7,0) -> 6 | Q67: =F67-30 -> 6.647
A68: 127 | B68: GA2(d18:3/19:1) | C68: 1101.7087 | D68: 0.46 | E68: GA2(d37:4) | F68: 29.468 | G68: 112771 | H68: [1101.7173, 278.2458, 260.2386, 296.258, 556.5118, 1083.6917] | I68: [2150.1628, 396.546, 240.4712, 168.2812, 43.875, 42.0] | J68: ['GA2(d37:4)', 'd18:3+OH', 'd18:3', 'd18:3+2OH', 'GA2(d37:4)-GalNAc-Gal-Glc-H2O', 'GA2(d37:4)-1H2O'] | K68: 3041.3362 | L68: 41.4 | M68: 0.78 | O68: =VLOOKUP(I68,'[1]算法匹配所有结果汇总(保留时间未归一）'!$I:$O,7,0) -> 5 | Q68: =F68-22 -> 7.468
A69: 149 | B69: HexCer(d18:1/23:1)(OH) | C69: 812.655 | D69: 0.44 | E69: HexCer(d41:2)(OH) | F69: 15.352 | G69: 804657 | H69: [812.6506, 264.2699, 300.2873, 794.647] | I69: [2866.7119, 479.529, 272.9253, 86.0417] | J69: ['HexCer(d41:2)(OH)', 'd18:1', 'd18:1+2OH', 'HexCer(d41:2)(OH)-1H2O'] | K69: 3705.2079 | L69: 39.6 | M69: 0.83 | O69: =VLOOKUP(I69,'[1]算法匹配所有结果汇总(保留时间未归一）'!$I:$O,7,0) -> 1 | Q69: =F69-2 -> 13.352
A70: 104 | B70: HexCer(d18:1/12:0)(OH) | C70: 660.5042 | D70: 0.67 | E70: HexCer(d30:1)(OH) | F70: 12.602 | G70: 408755 | H70: [660.5, 480.4404, 498.4575, 282.2758, 264.2716, 642.4975] | I70: [3109.4092, 333.3213, 278.5577, 208.3224, 60.4464, 30.0833] | J70: ['HexCer(d30:1)(OH)', 'HexCer(d30:1)(OH)-Hex-H2O', 'HexCer(d30:1)(OH)-Hex', 'd18:1+OH', 'd18:1', 'HexCer(d30:1)(OH)-1H2O'] | K70: 4020.1403 | L70: 53.6 | M70: 0.84 | O70: =VLOOKUP(I70,'[1]算法匹配所有结果汇总(保留时间未归一）'!$I:$O,7,0) -> 2 | Q70: =F70-2.5 -> 10.102
A71: 103 | B71: Cer(d18:4/28:3) | C71: 694.6132 | D71: 0.5 | E71: Cer(d46:7) | F71: 16.708 | G71: 34099 | H71: [258.218, 276.2326, 676.6074] | I71: [2792.9099, 1434.6746, 146.1429] | J71: ['d18:4', 'd18:4+OH', 'Cer(d46:7)-1H2O'] | K71: 4373.7274 | L71: 50 | M71: 1 | O71: =VLOOKUP(I71,'[1]算法匹配所有结果汇总(保留时间未归一）'!$I:$O,7,0) -> 2 | Q71: =F71-2.5 -> 14.208
A72: 39 | B72: HexCer(t18:1/15:0)(OH) | C72: 734.5483 | D72: 0.64 | E72: HexCer(t33:1)(OH)(OH) | F72: 36.141 | G72: 17549 | H72: [262.2539, 280.2669, 298.275, 716.5298, 572.4865, 316.2814, 554.4829] | I72: [2231.3472, 863.558, 771.5031, 359.5515, 340.2245, 157.25, 138.7619] | J72: ['t18:1', 't18:1+OH', 't18:1+2OH', 'HexCer(t33:1)(OH)(OH)-1H2O', 'HexCer(t33:1)(OH)(OH)-Hex', 't18:1+3OH', 'HexCer(t33:1)(OH)(OH)-Hex-H2O'] | K72: 4862.1962 | L72: 57.6 | M72: 0.93 | O72: =VLOOKUP(I72,'[1]算法匹配所有结果汇总(保留时间未归一）'!$I:$O,7,0) -> 6 | Q72: =F72-30 -> 6.141
A73: 90 | B73: HexCer(d18:2/19:1)(OH) | C73: 754.5821 | D73: 0.67 | E73: HexCer(d37:3)(OH) | F73: 19.23 | G73: 10209 | H73: [736.5685, 574.5197, 754.5678, 280.2629, 298.2795, 718.5562] | I73: [1773.3242, 1177.4183, 858.9144, 807.3036, 286.0833, 40.5] | J73: ['HexCer(d37:3)(OH)-1H2O', 'HexCer(d37:3)(OH)-Hex-H2O', 'HexCer(d37:3)(OH)', 'd18:2+OH', 'd18:2+2OH', 'HexCer(d37:3)(OH)-2H2O'] | K73: 4943.5438 | L73: 40.2 | M73: 0.64 | O73: =VLOOKUP(I73,'[1]算法匹配所有结果汇总(保留时间未归一）'!$I:$O,7,0) -> 4 | Q73: =F73-12 -> 7.23
A74: 138 | B74: HexCer(d18:4/18:2) | C74: 718.5192 | D74: 0.67 | E74: HexCer(d36:6) | F74: 8.827 | G74: 33717 | H74: [718.5198, 276.2371, 258.2232, 538.4532, 682.509, 700.5207] | I74: [4638.2388, 205.025, 198.75, 102.0, 66.625, 55.025] | J74: ['HexCer(d36:6)', 'd18:4+OH', 'd18:4', 'HexCer(d36:6)-Hex-H2O', 'HexCer(d36:6)-2H2O', 'HexCer(d36:6)-1H2O'] | K74: 5265.6638 | L74: 60.3 | M74: 0.93 | O74: =VLOOKUP(I74,'[1]算法匹配所有结果汇总(保留时间未归一）'!$I:$O,7,0) -> 1 | Q74: =F74-2 -> 6.827
A75: 73 | B75: LacCer(d18:1/11:4) | C75: 784.4801 | D75: 0.55 | E75: LacCer(d29:5) | F75: 35.206 | G75: 478865 | H75: [784.4688, 282.2806, 264.2692, 300.2901, 766.4795, 622.4206] | I75: [2376.1702, 2060.334, 536.9456, 341.0593, 108.2, 36.0] | J75: ['LacCer(d29:5)', 'd18:1+OH', 'd18:1', 'd18:1+2OH', 'LacCer(d29:5)-1H2O', 'LacCer(d29:5)-Gal'] | K75: 5458.7091 | L75: 44 | M75: 0.29 | O75: =VLOOKUP(I75,'[1]算法匹配所有结果汇总(保留时间未归一）'!$I:$O,7,0) -> 6 | Q75: =F75-30 -> 5.206
A76: 181 | B76: GA2(d18:1/27:4) | C76: 1211.8186 | D76: 0.46 | E76: GA2(d45:5) | F76: 8.966 | G76: 11654 | H76: [1211.8128, 1193.7971, 1175.7854, 300.2911, 1008.7294, 990.7242] | I76: [5121.083, 261.125, 119.625, 83.2812, 67.6578, 31.3472] | J76: ['GA2(d45:5)', 'GA2(d45:5)-1H2O', 'GA2(d45:5)-2H2O', 'd18:1+2OH', 'GA2(d45:5)-GalNAc', 'GA2(d45:5)-GalNAc-H2O'] | K76: 5684.1192 | L76: 41.4 | M76: 1 | O76: =VLOOKUP(I76,'[1]算法匹配所有结果汇总(保留时间未归一）'!$I:$O,7,0) -> 1 | Q76: =F76-2 -> 6.966
A77: 31 | B77: HexCer(d18:1/16:0) | C77: 700.5722 | D77: 0.78 | E77: HexCer(d34:1) | F77: 42.978 | G77: 84104 | H77: [700.5733, 282.2784, 682.5556, 664.5429, 264.2668, 538.5273, 520.5138] | I77: [5052.0557, 243.5625, 211.375, 179.7961, 141.0312, 102.0, 66.0833] | J77: ['HexCer(d34:1)', 'd18:1+OH', 'HexCer(d34:1)-1H2O', 'HexCer(d34:1)-2H2O', 'd18:1', 'HexCer(d34:1)-Hex', 'HexCer(d34:1)-Hex-H2O'] | K77: 5995.9038 | L77: 70.2 | M77: 0.99 | O77: =VLOOKUP(I77,'[1]算法匹配所有结果汇总(保留时间未归一）'!$I:$O,7,0) -> 6 | Q77: =F77-30 -> 12.978
A78: 95 | B78: Cer(d18:2/26:4)(2OH) | C78: 684.5925 | D78: 0.83 | E78: Cer(d44:6)(2OH) | F78: 12.914 | G78: 206949 | H78: [280.2617, 262.2531, 666.5761, 298.2722, 648.5653] | I78: [3291.6284, 1234.2633, 1067.35, 341.7692, 337.4329] | J78: ['d18:2+OH', 'd18:2', 'Cer(d44:6)(2OH)-1H2O', 'd18:2+2OH', 'Cer(d44:6)(2OH)-2H2O'] | K78: 6272.4438 | L78: 74.7 | M78: 0.33 | O78: =VLOOKUP(I78,'[1]算法匹配所有结果汇总(保留时间未归一）'!$I:$O,7,0) -> 2 | Q78: =F78-2.5 -> 10.414
A79: 70 | B79: Cer(d18:0/18:0) | C79: 568.5635 | D79: 0.83 | E79: Cer(d36:0) | F79: 9.737 | G79: 177807 | H79: [284.2945, 302.3053, 550.5485, 266.2872, 532.5499] | I79: [6335.9375, 611.936, 482.456, 77.0312, 20.0833] | J79: ['d18:0+OH', 'd18:0+2OH', 'Cer(d36:0)-1H2O', 'd18:0', 'Cer(d36:0)-2H2O'] | K79: 7527.444 | L79: 74.7 | M79: 0.85 | O79: =VLOOKUP(I79,'[1]算法匹配所有结果汇总(保留时间未归一）'!$I:$O,7,0) -> 2 | Q79: =F79-2.5 -> 7.237
A80: 103 | B80: LacCer(d18:1/21:3)(OH) | C80: 942.6524 | D80: 0.45 | E80: LacCer(d39:4)(OH) | F80: 16.153 | G80: 9786 | H80: [942.6348, 282.2787, 300.2883, 924.6548, 264.2667] | I80: [6853.0156, 321.25, 168.7202, 163.5329, 125.7614] | J80: ['LacCer(d39:4)(OH)', 'd18:1+OH', 'd18:1+2OH', 'LacCer(d39:4)(OH)-1H2O', 'd18:1'] | K80: 7632.2801 | L80: 36 | M80: 0.88 | O80: =VLOOKUP(I80,'[1]算法匹配所有结果汇总(保留时间未归一）'!$I:$O,7,0) -> 4 | Q80: =F80-12 -> 4.153
A81: 39 | B81: CerP(d18:2/26:3) | C81: 750.5868 | D81: 0.56 | E81: CerP(d44:5) | F81: 36.675 | G81: 36199 | H81: [262.2535, 280.2636, 298.2734, 652.6084, 634.6023] | I81: [3154.2668, 2494.3081, 1964.7993, 81.0, 62.0833] | J81: ['d18:2', 'd18:2+OH', 'd18:2+2OH', 'CerP(d44:5)-H3PO4', 'CerP(d44:5)-H2O-H3PO4'] | K81: 7756.4575 | L81: 50.4 | M81: 0.99 | O81: =VLOOKUP(I81,'[1]算法匹配所有结果汇总(保留时间未归一）'!$I:$O,7,0) -> 6 | Q81: =F81-30 -> 6.675
A82: 89 | B82: GM2(d18:2/26:2) | C82: 1490.9 | D82: 0.47 | E82: GM2(d44:4) | F82: 36.747 | G82: 55191 | H82: [1490.9246, 280.2627, 292.099, 298.2748, 1269.789, 1454.9021, 1181.8077, 1287.8155, 816.6821] | I82: [6999.3677, 486.9492, 284.1837, 87.7788, 57.0, 55.1607, 42.0625, 32.625, 25.0] | J82: ['GM2(d44:4)', 'd18:2+OH', 'NeuAc+H', 'd18:2+2OH', 'GM2(d44:4)-GalNAc-H2O', 'GM2(d44:4)-2H2O', 'GM2(d44:4)-NeuAc-H2O', 'GM2(d44:4)-GalNAc', 'GM2(d44:4)-GalNAc-NeuAc-Gal-H2O'] | K82: 8070.1276 | L82: 42.3 | M82: 0.96 | O82: =VLOOKUP(I82,'[1]算法匹配所有结果汇总(保留时间未归一）'!$I:$O,7,0) -> 6 | Q82: =F82-30 -> 6.747
A83: 224 | B83: GM4(d18:2/18:0) | C83: 1017.6823 | D83: 0.38 | E83: GM4(d36:2) | F83: 12.98 | G83: 95608 | H83: [1017.6823, 999.6836, 262.2528, 981.6544, 298.2755] | I83: [9026.8193, 267.1523, 162.6667, 74.25, 20.5] | J83: ['GM4(d36:2)', 'GM4(d36:2)-1H2O', 'd18:2', 'GM4(d36:2)-2H2O', 'd18:2+2OH'] | K83: 9551.3883 | L83: 34.2 | M83: 0.98 | O83: =VLOOKUP(I83,'[1]算法匹配所有结果汇总(保留时间未归一）'!$I:$O,7,0) -> 2 | Q83: =F83-2.5 -> 10.48
A84: 43 | B84: Cer(d18:1/17:3)(dOH) | C84: 578.4799 | D84: 0.67 | E84: Cer(d35:4)(dOH) | F84: 10.666 | G84: 9611 | H84: [264.2721, 282.2834, 300.2882, 542.4605] | I84: [8388.1074, 1612.329, 182.1875, 137.4] | J84: ['d18:1', 'd18:1+OH', 'd18:1+2OH', 'Cer(d35:4)(dOH)-2H2O'] | K84: 10320.024 | L84: 53.6 | M84: 0.18 | O84: =VLOOKUP(I84,'[1]算法匹配所有结果汇总(保留时间未归一）'!$I:$O,7,0) -> 2 | Q84: =F84-2.5 -> 8.166
A85: 117 | B85: FMC-7(d18:2/30:4) | C85: 1154.7779 | D85: 0.45 | E85: FMC-7(d48:6) | F85: 29.946 | G85: 34679 | H85: [280.263, 298.2735, 262.2525, 1136.7689, 1094.7701] | I85: [5179.1069, 2914.7371, 2899.2822, 285.1392, 69.625] | J85: ['d18:2+OH', 'd18:2+2OH', 'd18:2', 'FMC-7(d48:6)-1H2O', 'FMC-7(d48:6)-HOAc'] | K85: 11347.89 | L85: 40.5 | M85: 0.95 | O85: =VLOOKUP(I85,'[1]算法匹配所有结果汇总(保留时间未归一）'!$I:$O,7,0) -> 5 | Q85: =F85-22 -> 7.946
A86: 75 | B86: PICer(d18:2/20:3) | C86: 828.5469 | D86: 0.44 | E86: PICer(d38:5) | F86: 36.641 | G86: 14584 | H86: [262.2535, 280.264, 298.2737, 810.5311] | I86: [5524.3594, 4332.915, 2711.0161, 49.675] | J86: ['d18:2', 'd18:2+OH', 'd18:2+2OH', 'PICer(d38:5)-1H2O'] | K86: 12617.966 | L86: 39.6 | M86: 0.99 | O86: =VLOOKUP(I86,'[1]算法匹配所有结果汇总(保留时间未归一）'!$I:$O,7,0) -> 6 | Q86: =F86-30 -> 6.641
A87: 2 | B87: So(d18:1) | C87: 300.2901 | D87: 0.67 | E87: So(d18:1) | F87: 9.321 | G87: 139669 | H87: [282.279, 264.265] | I87: [12935.25, 82.875] | J87: ['So(d18:1)-1H2O', 'So(d18:1)-2H2O'] | K87: 13018.125 | L87: 67 | M87: 1 | O87: =VLOOKUP(I87,'[1]算法匹配所有结果汇总(保留时间未归一）'!$I:$O,7,0) -> 3 | Q87: =F87-4.5 -> 4.821
A88: 23 | B88: Cer(d18:1/16:2) | C88: 534.4882 | D88: 0.5 | E88: Cer(d34:3) | F88: 19.308 | G88: 538642 | H88: [282.279, 264.2674, 516.4793] | I88: [9432.8945, 2407.4851, 1389.4485] | J88: ['d18:1+OH', 'd18:1', 'Cer(d34:3)-1H2O'] | K88: 13229.828 | L88: 50 | M88: 1 | O88: =VLOOKUP(I88,'[1]算法匹配所有结果汇总(保留时间未归一）'!$I:$O,7,0) -> 4 | Q88: =F88-12 -> 7.308
A89: 99 | B89: N-methylCAEP(d18:2/30:4) | C89: 845.6922 | D89: 0.62 | E89: N-methylCAEP(d48:6) | F89: 30.107 | G89: 87720 | H89: [262.2529, 280.2629, 298.273, 827.6862, 809.6561] | I89: [5571.6616, 5181.4727, 2351.7107, 502.4498, 102.5568] | J89: ['d18:2', 'd18:2+OH', 'd18:2+2OH', 'N-methylCAEP(d48:6)-1H2O', 'N-methylCAEP(d48:6)-2H2O'] | K89: 13709.852 | L89: 55.8 | M89: 1 | O89: =VLOOKUP(I89,'[1]算法匹配所有结果汇总(保留时间未归一）'!$I:$O,7,0) -> 5 | Q89: =F89-22 -> 8.107
A90: 49 | B90: HexCer(d18:1/10:0)(OH) | C90: 632.4729 | D90: 0.44 | E90: HexCer(d28:1)(OH) | F90: 9.711 | G90: 7282 | H90: [632.473, 264.2679, 614.4528, 282.2766] | I90: [13781.2627, 176.3393, 51.0, 23.625] | J90: ['HexCer(d28:1)(OH)', 'd18:1', 'HexCer(d28:1)(OH)-1H2O', 'd18:1+OH'] | K90: 14032.227 | L90: 30.8 | M90: 0.99 | O90: =VLOOKUP(I90,'[1]算法匹配所有结果汇总(保留时间未归一）'!$I:$O,7,0) -> 1 | Q90: =F90-2 -> 7.711
A91: 146 | B91: HexCer(d18:2/22:0) | C91: 782.6523 | D91: 0.67 | E91: HexCer(d40:2) | F91: 16.508 | G91: 418864 | H91: [782.651, 262.2579, 602.5774, 764.6264, 746.6236, 280.2686] | I91: [14431.8838, 257.0, 140.25, 95.25, 36.875, 27.0] | J91: ['HexCer(d40:2)', 'd18:2', 'HexCer(d40:2)-Hex-H2O', 'HexCer(d40:2)-1H2O', 'HexCer(d40:2)-2H2O', 'd18:2+OH'] | K91: 14988.259 | L91: 53.6 | M91: 0.99 | O91: =VLOOKUP(I91,'[1]算法匹配所有结果汇总(保留时间未归一）'!$I:$O,7,0) -> 2 | Q91: =F91-2.5 -> 14.008
A92: 127 | B92: GA1(d18:1/18:3) | C92: 1249.7481 | D92: 0.47 | E92: GA1(d36:4) | F92: 28.021 | G92: 8218 | H92: [1249.7397, 282.2794, 884.6003, 300.288, 1087.7024, 264.2703, 1231.7322] | I92: [14327.7461, 1474.0776, 975.9195, 554.4091, 220.2744, 158.625, 143.4464] | J92: ['GA1(d36:4)', 'd18:1+OH', 'GA1(d36:4)-Gal-GalNAc', 'd18:1+2OH', 'GA1(d36:4)-Gal', 'd18:1', 'GA1(d36:4)-1H2O'] | K92: 17854.498 | L92: 42.3 | M92: 0.99 | O92: =VLOOKUP(I92,'[1]算法匹配所有结果汇总(保留时间未归一）'!$I:$O,7,0) -> 5 | Q92: =F92-22 -> 6.021
A93: 72 | B93: LacCer(d18:2/11:3) | C93: 784.4801 | D93: 0.55 | E93: LacCer(d29:5) | F93: 35.206 | G93: 478865 | H93: [262.2528, 280.2638, 298.2741, 784.4688, 766.4795, 622.4206] | I93: [8300.791, 5509.0044, 2497.4829, 2376.1702, 108.2, 36.0] | J93: ['d18:2', 'd18:2+OH', 'd18:2+2OH', 'LacCer(d29:5)', 'LacCer(d29:5)-1H2O', 'LacCer(d29:5)-Gal'] | K93: 18827.648 | L93: 55 | M93: 1 | O93: =VLOOKUP(I93,'[1]算法匹配所有结果汇总(保留时间未归一）'!$I:$O,7,0) -> 6 | Q93: =F93-30 -> 5.206
A94: 97 | B94: HexCer(d18:3/13:3) | C94: 648.4473 | D94: 0.78 | E94: HexCer(d31:6) | F94: 11.161 | G94: 164767 | H94: [648.4469, 278.2513, 260.239, 296.2624, 612.4154, 630.4311, 486.3969] | I94: [22830.1582, 328.8348, 173.0208, 51.0, 36.3472, 36.05, 20.0833] | J94: ['HexCer(d31:6)', 'd18:3+OH', 'd18:3', 'd18:3+2OH', 'HexCer(d31:6)-2H2O', 'HexCer(d31:6)-1H2O', 'HexCer(d31:6)-Hex'] | K94: 23475.494 | L94: 62.4 | M94: 0.98 | O94: =VLOOKUP(I94,'[1]算法匹配所有结果汇总(保留时间未归一）'!$I:$O,7,0) -> 2 | Q94: =F94-2.5 -> 8.661
A95: 96 | B95: HexCer(d18:2/13:4) | C95: 648.4473 | D95: 0.78 | E95: HexCer(d31:6) | F95: 11.161 | G95: 164767 | H95: [648.4469, 298.2722, 262.2502, 280.2637, 612.4154, 630.4311, 486.3969] | I95: [22830.1582, 387.4402, 269.9008, 196.4583, 36.3472, 36.05, 20.0833] | J95: ['HexCer(d31:6)', 'd18:2+2OH', 'd18:2', 'd18:2+OH', 'HexCer(d31:6)-2H2O', 'HexCer(d31:6)-1H2O', 'HexCer(d31:6)-Hex'] | K95: 23776.438 | L95: 70.2 | M95: 0.99 | O95: =VLOOKUP(I95,'[1]算法匹配所有结果汇总(保留时间未归一）'!$I:$O,7,0) -> 2 | Q95: =F95-2.5 -> 8.661
A96: 114 | B96: HexCer(d18:2/19:4)(OH) | C96: 748.5332 | D96: 0.78 | E96: HexCer(d37:6)(OH) | F96: 10.556 | G96: 14528 | H96: [748.5329, 730.5194, 586.4756, 568.4653, 712.521, 280.2622, 262.2477] | I96: [38700.7969, 805.1722, 405.0016, 376.2755, 247.92, 194.5765, 92.25] | J96: ['HexCer(d37:6)(OH)', 'HexCer(d37:6)(OH)-1H2O', 'HexCer(d37:6)(OH)-Hex', 'HexCer(d37:6)(OH)-Hex-H2O', 'HexCer(d37:6)(OH)-2H2O', 'd18:2+OH', 'd18:2'] | K96: 40821.993 | L96: 62.4 | M96: 1 | O96: =VLOOKUP(I96,'[1]算法匹配所有结果汇总(保留时间未归一）'!$I:$O,7,0) -> 3 | Q96: =F96-4.5 -> 6.056
A97: 30 | B97: Cer(d18:2/17:2) | C97: 546.488 | D97: 0.83 | E97: Cer(d35:4) | F97: 8.852 | G97: 14528 | H97: [528.4761, 510.4662, 298.2733, 280.2611, 262.2538] | I97: [21235.1504, 15391.7891, 2060.3877, 1399.2562, 1004.9208] | J97: ['Cer(d35:4)-1H2O', 'Cer(d35:4)-2H2O', 'd18:2+2OH', 'd18:2+OH', 'd18:2'] | K97: 41091.504 | L97: 66.4 | M97: 0.45 | O97: =VLOOKUP(I97,'[1]算法匹配所有结果汇总(保留时间未归一）'!$I:$O,7,0) -> 2 | Q97: =F97-2.5 -> 6.352
A98: 75 | B98: HexCer(d18:2/20:0) | C98: 754.6129 | D98: 0.56 | E98: HexCer(d38:2) | F98: 17.917 | G98: 36199 | H98: [736.6083, 754.619, 280.2645, 262.2562, 718.5967] | I98: [38670.9219, 7575.3442, 323.8167, 94.2, 86.0083] | J98: ['HexCer(d38:2)-1H2O', 'HexCer(d38:2)', 'd18:2+OH', 'd18:2', 'HexCer(d38:2)-2H2O'] | K98: 46750.291 | L98: 44.8 | M98: 0.99 | O98: =VLOOKUP(I98,'[1]算法匹配所有结果汇总(保留时间未归一）'!$I:$O,7,0) -> 4 | Q98: =F98-12 -> 5.917
A99: 89 | B99: HexCer(d18:3/20:4) | C99: 744.5347 | D99: 0.78 | E99: HexCer(d38:7) | F99: 9.276 | G99: 30765 | H99: [744.5341, 726.5266, 296.2548, 708.5135, 278.2501, 564.4791, 582.4794] | I99: [54483.9102, 377.7788, 238.921, 212.0942, 168.0083, 120.1111, 46.25] | J99: ['HexCer(d38:7)', 'HexCer(d38:7)-1H2O', 'd18:3+2OH', 'HexCer(d38:7)-2H2O', 'd18:3+OH', 'HexCer(d38:7)-Hex-H2O', 'HexCer(d38:7)-Hex'] | K99: 55647.074 | L99: 62.4 | M99: 0.99 | O99: =VLOOKUP(I99,'[1]算法匹配所有结果汇总(保留时间未归一）'!$I:$O,7,0) -> 3 | Q99: =F99-4.5 -> 4.776
A100: 57 | B100: HexCer(d18:2/19:3) | C100: 734.5548 | D100: 0.89 | E100: HexCer(d37:5) | F100: 19.052 | G100: 164767 | H100: [734.5539, 280.2633, 298.274, 716.5413, 262.2538, 554.4919, 572.5047, 698.5315] | I100: [37750.418, 26375.1543, 1014.8014, 651.0228, 411.0082, 405.4178, 232.6371, 104.0833] | J100: ['HexCer(d37:5)', 'd18:2+OH', 'd18:2+2OH', 'HexCer(d37:5)-1H2O', 'd18:2', 'HexCer(d37:5)-Hex-H2O', 'HexCer(d37:5)-Hex', 'HexCer(d37:5)-2H2O'] | K100: 66944.543 | L100: 71.2 | M100: 0.62 | O100: =VLOOKUP(I100,'[1]算法匹配所有结果汇总(保留时间未归一）'!$I:$O,7,0) -> 4 | Q100: =F100-12 -> 7.052
...

Sheet 最终版
B1: 注释 | C1: M+H | E1: 母离子 | F1: 保留时间归一化（二元泵） | G1: 碎片质量 | H1: 碎片强度 | I1: 碎片注释 | J1: 碎片强度总和 | O1: 系列 | P1: 标准曲线
A2: 2 | B2: Cer(d18:1/19:2)(dOH) | C2: 608.5248 | D2: 0.83 | E2: Cer(d37:3)(dOH) | F2: 7.187 | G2: [282.2792, 264.2668, 300.2857, 590.515, 590.515] | H2: [2012.1588, 691.375, 337.9651, 204.3636, 204.3636] | I2: ['d18:1+OH', 'd18:1', 'd18:1+2OH', 'Cer(d37:3)(dOH)-1H2O', 'Cer(d37:3)(dOH)-1H2O'] | J2: 3450.2261 | K2: 74.7 | L2: 0.94 | M2: Cer(d18:1/x:2)(dOH) | N2: 19 | O2: 38 | P2: y = 0.4639x + -1.6129 | Q2: 0.99409646 | S2: 保留时间规律算法问题重新绘制的
A3: 6 | B3: Cer(d18:1/24:2)(dOH) | C3: 678.6007 | D3: 0.67 | E3: Cer(d42:3)(dOH) | F3: 9.512 | G3: [282.2787, 264.2656, 660.5822, 300.2869] | H3: [875.0474, 237.3611, 173.045, 98.1023] | I3: ['d18:1+OH', 'd18:1', 'Cer(d42:3)(dOH)-1H2O', 'd18:1+2OH'] | J3: 1383.5558 | K3: 53.6 | L3: 0.53 | M3: Cer(d18:1/x:2)(dOH) | N3: 24 | O3: 38 | P3: y = 0.4639x + -1.6129 | Q3: 0.99409646
A4: 3 | B4: Cer(d18:1/25:2)(dOH) | C4: 692.616 | D4: 0.83 | E4: Cer(d43:3)(dOH) | F4: 9.928 | G4: [674.6023, 282.2793, 300.2907, 264.2666, 656.6031] | H4: [429.4222, 252.4083, 171.4083, 169.4464, 52.1023] | I4: ['Cer(d43:3)(dOH)-1H2O', 'd18:1+OH', 'd18:1+2OH', 'd18:1', 'Cer(d43:3)(dOH)-2H2O'] | J4: 1074.7875 | K4: 58.1 | L4: 0.37 | M4: Cer(d18:1/x:2)(dOH) | N4: 25 | O4: 38 | P4: y = 0.4639x + -1.6129 | Q4: 0.99409646
A5: 2 | B5: Cer(d18:1/26:2)(dOH) | C5: 706.6318 | D5: 0.83 | E5: Cer(d44:3)(dOH) | F5: 10.358 | G5: [300.2887, 264.2666, 282.2742, 688.6181, 670.5989] | H5: [995.2226, 722.3088, 647.868, 509.1306, 199.8892] | I5: ['d18:1+2OH', 'd18:1', 'd18:1+OH', 'Cer(d44:3)(dOH)-1H2O', 'Cer(d44:3)(dOH)-2H2O'] | J5: 3074.4192 | K5: 83 | L5: 1 | M5: Cer(d18:1/x:2)(dOH) | N5: 26 | O5: 38 | P5: y = 0.4639x + -1.6129 | Q5: 0.99409646
A6: 2 | B6: Cer(t14:0/10:0) | C6: 416.3732 | D6: 0.38 | E6: Cer(t24:0) | F6: 6.308 | G6: [362.3373, 398.3608, 208.2067] | H6: [609.9828, 48.375, 28.125] | I6: ['Cer(t24:0)-3H2O', 'Cer(t24:0)-1H2O', 't14:0'] | J6: 686.4828 | K6: 38 | L6: 1 | M6: Cer(t14:0/x:0) | N6: 10 | O6: 86 | P6: y = 0.4037x + 2.2884 | Q6: 0.99879471
A7: 1 | B7: Cer(t14:0/18:0) | C7: 528.498 | D7: 0.38 | E7: Cer(t32:0) | F7: 9.43 | G7: [208.2018, 510.4791, 226.2184] | H7: [246.175, 194.3707, 20.3472] | I7: ['t14:0', 'Cer(t32:0)-1H2O', 't14:0+OH'] | J7: 460.8929 | K7: 38 | L7: 1 | M7: Cer(t14:0/x:0) | N7: 18 | O7: 86 | P7: y = 0.4037x + 2.2884 | Q7: 0.99879471
A8: 2 | B8: Cer(t14:0/19:0) | C8: 542.5138 | D8: 0.38 | E8: Cer(t33:0) | F8: 9.907 | G8: [208.2029, 226.2141, 262.2375] | H8: [194.1494, 114.0662, 21.0833] | I8: ['t14:0', 't14:0+OH', 't14:0+3OH'] | J8: 329.2989 | K8: 34.2 | L8: 0.84 | M8: Cer(t14:0/x:0) | N8: 19 | O8: 86 | P8: y = 0.4037x + 2.2884 | Q8: 0.99879471
A9: 1 | B9: Cer(t14:0/26:0) | C9: 640.6243 | D9: 0.62 | E9: Cer(t40:0) | F9: 12.774 | G9: [226.2153, 622.6055, 244.2273, 262.2361, 208.2046] | H9: [132.2857, 117.3393, 47.5, 26.3333, 26.125] | I9: ['t14:0+OH', 'Cer(t40:0)-1H2O', 't14:0+2OH', 't14:0+3OH', 't14:0'] | J9: 349.5833 | K9: 62 | L9: 1 | M9: Cer(t14:0/x:0) | N9: 26 | O9: 86 | P9: y = 0.4037x + 2.2884 | Q9: 0.99879471
A10: 2 | B10: Cer(t18:0/14:0) | C10: 528.4993 | D10: 0.38 | E10: Cer(t32:0) | F10: 9.624 | G10: [264.2639, 510.4926, 318.2964] | H10: [212.75, 146.3214, 49.05] | I10: ['t18:0', 'Cer(t32:0)-1H2O', 't18:0+3OH'] | J10: 408.1214 | K10: 34.2 | L10: 0.61 | M10: Cer(t18:0/x:0) | N10: 14 | O10: 133 | P10: y = 0.4079x + 3.8654 | Q10: 0.9940882
A11: 2 | B11: Cer(t18:0/15:0) | C11: 542.5138 | D11: 0.5 | E11: Cer(t33:0) | F11: 9.907 | G11: [264.2643, 300.2882, 318.3029, 282.2816] | H11: [141.4402, 67.0833, 34.25, 25.75] | I11: ['t18:0', 't18:0+2OH', 't18:0+3OH', 't18:0+OH'] | J11: 268.5235 | K11: 40 | L11: 0.68 | M11: Cer(t18:0/x:0) | N11: 15 | O11: 133 | P11: y = 0.4079x + 3.8654 | Q11: 0.9940882
A12: 1 | B12: Cer(t18:0/16:0) | C12: 556.5293 | D12: 0.75 | E12: Cer(t34:0) | F12: 10.404 | G12: [282.2781, 264.2731, 300.2857, 538.5167, 538.5167, 318.3025] | H12: [779.7786, 218.0054, 175.5, 65.25, 65.25, 20.25] | I12: ['t18:0+OH', 't18:0', 't18:0+2OH', 'Cer(t34:0)-1H2O', 'Cer(t34:0)-1H2O', 't18:0+3OH'] | J12: 1324.034 | K12: 75 | L12: 1 | M12: Cer(t18:0/x:0) | N12: 16 | O12: 133 | P12: y = 0.4079x + 3.8654 | Q12: 0.9940882
A13: 5 | B13: Cer(t18:0/16:1)(2OH) | C13: 570.5093 | D13: 0.75 | E13: Cer(t34:1)(2OH) | F13: 5.343 | G13: [552.499, 534.4863, 282.2762, 300.2889, 516.474, 264.2727] | H13: [6793.4268, 1906.8314, 786.9897, 496.5868, 448.6713, 202.0833] | I13: ['Cer(t34:1)(2OH)-1H2O', 'Cer(t34:1)(2OH)-2H2O', 't18:0+OH', 't18:0+2OH', 'Cer(t34:1)(2OH)-3H2O', 't18:0'] | J13: 10634.589 | K13: 67.5 | L13: 0.67 | M13: Cer(t18:0/x:1)(2OH) | N13: 16 | O13: 136 | P13: y = 0.3176x + 0.3953 | Q13: 0.99110375
A14: 2 | B14: Cer(t18:0/18:0) | C14: 584.5609 | D14: 0.38 | E14: Cer(t36:0) | F14: 11.304 | G14: [264.273, 566.5616, 282.2773] | H14: [424.8767, 266.4876, 167.277] | I14: ['t18:0', 'Cer(t36:0)-1H2O', 't18:0+OH'] | J14: 858.6413 | K14: 38 | L14: 1 | M14: Cer(t18:0/x:0) | N14: 18 | O14: 133 | P14: y = 0.4079x + 3.8654 | Q14: 0.9940882
... A580: 2 | B580: So1P(t23:1) | C580: 466.3293 | D580: 0.43 | E580: So1P(t23:1) | F580: 5.423 | G580: [368.3516, 350.3403, 412.2896] | H580: [175.4, 86.0, 21.0833] | I580: ['So1P(t23:1)-H3PO4', 'So1P(t23:1)-H2O-H3PO4', 'So1P(t23:1)-3H2O'] | J580: 282.4833 | K580: 43 | L580: 1 | M580: So1P(tx:1) | N580: 23 | O580: 388 | P580: y = 0.2505x + -0.3192 | Q580: 0.99888438
A581: 1 | B581: Cer(m15:4/11:1) | C581: 402.3362 | D581: 0.5 | E581: Cer(m26:5) | F581: 4.78 | G581: [384.3257, 218.1901] | H581: [8036.3477, 1460.0001] | I581: ['Cer(m26:5)-1H2O', 'm15:4'] | J581: 9496.3478 | K581: 50 | L581: 1 | R581: 不符合线性的保留时间规律的鉴定到的
A582: 2 | B582: Cer(m15:4/31:1) | C582: 682.6498 | D582: 0.5 | E582: Cer(m46:5) | F582: 14.664 | G582: [218.1923, 664.6289] | H582: [677.2669, 148.4714] | I582: ['m15:4', 'Cer(m46:5)-1H2O'] | J582: 825.7383 | K582: 45 | L582: 0.63
A583: 4 | B583: Cer(m20:2/20:4) | C583: 596.5395 | D583: 0.5 | E583: Cer(m40:6) | F583: 8.348 | G583: [310.3071, 578.5185] | H583: [458.9244, 38.0] | I583: ['m20:2+OH', 'Cer(m40:6)-1H2O'] | J583: 496.9244 | K583: 45 | L583: 0.23
A584: 6 | B584: Cer(m20:2/28:4) | C584: 708.6684 | D584: 0.5 | E584: Cer(m48:6) | F584: 14.83 | G584: [310.3111, 292.3007] | H584: [273.281, 269.0] | I584: ['m20:2+OH', 'm20:2'] | J584: 542.281 | K584: 50 | L584: 1
A585: 2 | B585: Cer(t14:0/41:4)(dOH) | C585: 874.7859 | D585: 0.5 | E585: Cer(t55:4)(dOH) | F585: 14.28 | G585: [262.2379, 244.2271, 208.2082, 226.2189] | H585: [5154.4702, 3165.5444, 405.4507, 173.3341] | I585: ['t14:0+3OH', 't14:0+2OH', 't14:0', 't14:0+OH'] | J585: 8898.7994 | K585: 45 | L585: 0.21
A586: 1 | B586: Cer(t14:0/42:4)(dOH) | C586: 888.8008 | D586: 0.38 | E586: Cer(t56:4)(dOH) | F586: 16.284 | G586: [208.2064, 870.7736, 262.2329] | H586: [254.2917, 215.6923, 23.625] | I586: ['t14:0', 'Cer(t56:4)(dOH)-1H2O', 't14:0+3OH'] | J586: 493.609 | K586: 34.2 | L586: 0.81
A587: 3 | B587: Cer(t18:2/16:4)(dOH) | C587: 576.4254 | D587: 0.75 | E587: Cer(t34:6)(dOH) | F587: 5.65 | G587: [296.2577, 314.2708, 278.249, 260.2398, 558.4138, 522.3973] | H587: [1294.0625, 373.6298, 281.6686, 115.4402, 92.125, 58.0865] | I587: ['t18:2+2OH', 't18:2+3OH', 't18:2+OH', 't18:2', 'Cer(t34:6)(dOH)-1H2O', 'Cer(t34:6)(dOH)-3H2O'] | J587: 2215.0126 | K587: 67.5 | L587: 0.39
A588: 2 | B588: Cer(t18:2/38:4)(dOH) | C588: 884.7689 | D588: 0.38 | E588: Cer(t56:6)(dOH) | F588: 14.597 | G588: [278.2467, 866.7611, 830.7358] | H588: [449.375, 143.161, 23.3472] | I588: ['t18:2+OH', 'Cer(t56:6)(dOH)-1H2O', 'Cer(t56:6)(dOH)-3H2O'] | J588: 615.8832 | K588: 38 | L588: 1
A589: 2 | B589: Cer(t21:0/15:0)(2OH) | C589: 600.5558 | D589: 0.62 | E589: Cer(t36:0)(2OH) | F589: 7.832 | G589: [582.5448, 564.5337, 324.3266, 546.5245, 306.3215] | H589: [14663.7061, 3408.5222, 1151.3361, 410.375, 22.25] | I589: ['Cer(t36:0)(2OH)-1H2O', 'Cer(t36:0)(2OH)-2H2O', 't21:0+OH', 'Cer(t36:0)(2OH)-3H2O', 't21:0'] | J589: 19656.189 | K589: 49.6 | L589: 0.62
A590: 2 | B590: Cer(t21:0/18:0)(2OH) | C590: 642.6028 | D590: 0.62 | E590: Cer(t39:0)(2OH) | F590: 11.382 | G590: [342.3323, 624.5876, 306.3151, 606.5719, 360.3455] | H590: [736.6617, 249.845, 211.0179, 32.625, 27.05] | I590: ['t21:0+2OH', 'Cer(t39:0)(2OH)-1H2O', 't21:0', 'Cer(t39:0)(2OH)-2H2O', 't21:0+3OH'] | J590: 1257.1996 | K590: 62 | L590: 1
A591: 2 | B591: HexCer(t14:0/25:4)(OH) | C591: 796.5955 | D591: 0.64 | E591: HexCer(t39:4)(OH) | F591: 10.519 | G591: [796.5948, 778.5843, 208.2074, 226.2182, 760.5731, 742.5682, 244.2275] | H591: [37339.8555, 1486.7977, 548.0007, 455.9529, 380.3016, 198.8776, 91.025] | I591: ['HexCer(t39:4)(OH)', 'HexCer(t39:4)(OH)-1H2O', 't14:0', 't14:0+OH', 'HexCer(t39:4)(OH)-2H2O', 'HexCer(t39:4)(OH)-3H2O', 't14:0+2OH'] | J591: 40500.811 | K591: 64 | L591: 1
A592: 1 | B592: HexCer(t14:0/45:4)(OH) | C592: 1076.8998 | D592: 0.36 | E592: HexCer(t59:4)(OH) | F592: 18.398 | G592: [1076.8996, 262.2378, 244.224, 1058.8686] | H592: [7937.9302, 389.6233, 127.2, 62.2426] | I592: ['HexCer(t59:4)(OH)', 't14:0+3OH', 't14:0+2OH', 'HexCer(t59:4)(OH)-1H2O'] | J592: 8516.9961 | K592: 36 | L592: 1
A593: 3 | B593: HexCer(t16:0/19:2) | C593: 728.567 | D593: 0.73 | E593: HexCer(t35:2) | F593: 6.629 | G593: [548.5022, 710.5551, 272.2571, 566.5154, 254.2486, 728.5794, 692.5369, 236.2369] | H593: [21531.6738, 14858.3232, 5726.4141, 885.36, 520.716, 436.0071, 289.8907, 95.6667] | I593: ['HexCer(t35:2)-Hex-H2O', 'HexCer(t35:2)-1H2O', 't16:0+2OH', 'HexCer(t35:2)-Hex', 't16:0+OH', 'HexCer(t35:2)', 'HexCer(t35:2)-2H2O', 't16:0'] | J593: 44344.052 | K593: 65.7 | L593: 0.63
... A602: 1 | B602: SM(d16:2/24:0)(2OH) | C602: 801.65 | D602: 0.45 | E602: SM(d40:2)(2OH) | F602: 13.008 | G602: [234.2233, 742.5778, 765.6263, 252.2288, 783.6448] | H602: [297.1875, 196.875, 36.0833, 33.875, 23.0] | I602: ['d16:2', 'SM(d40:2)(2OH)-C3H9N', 'SM(d40:2)(2OH)-2H2O', 'd16:2+OH', 'SM(d40:2)(2OH)-1H2O'] | J602: 587.0208 | K602: 40.5 | L602: 0.84
A603: 9 | B603: CAEP(d14:2/12:3) | C603: 525.3441 | D603: 0.88 | E603: CAEP(d26:5) | F603: 3.418 | G603: [507.3351, 126.0333, 242.2071, 489.3279, 224.1987, 206.1879, 400.3121] | H603: [886.3094, 413.6825, 330.3465, 305.1225, 290.0363, 265.9185, 173.0513] | I603: ['CAEP(d26:5)-1H2O', '[C2H8NO3P+H]+', 'd14:2+2OH', 'CAEP(d26:5)-2H2O', 'd14:2+OH', 'd14:2', 'CAEP(d26:5)-C2H8NO3P'] | J603: 2664.467 | K603: 88 | L603: 1 | Q603: =VLOOKUP(G603,'[1]算法匹配所有结果汇总(保留时间未归一）'!$H:$O,8,0) -> 5
A604: 16 | B604: CAEP(d14:3/15:0) | C604: 571.4273 | D604: 0.62 | E604: CAEP(d29:3) | F604: 5.283 | G604: [553.4244, 222.1835, 204.1763, 535.4133, 240.1936] | H604: [180.0, 145.1635, 116.8929, 81.7788, 64.1607] | I604: ['CAEP(d29:3)-1H2O', 'd14:3+OH', 'd14:3', 'CAEP(d29:3)-2H2O', 'd14:3+2OH'] | J604: 587.9959 | K604: 62 | L604: 1 | Q604: =VLOOKUP(G604,'[1]算法匹配所有结果汇总(保留时间未归一）'!$H:$O,8,0) -> 4
A605: 37 | B605: CAEP(d14:3/21:3)(2OH) | C605: 665.4654 | D605: 0.75 | E605: CAEP(d35:6)(2OH) | F605: 12.46 | G605: [647.4542, 647.4542, 540.4346, 540.4346, 629.4525, 629.4525] | H605: [41.2404, 41.2404, 37.0833, 37.0833, 21.25, 21.25] | I605: ['CAEP(d35:6)(2OH)-1H2O', 'CAEP(d35:6)(2OH)-1H2O', 'CAEP(d35:6)(2OH)-C2H8NO3P', 'CAEP(d35:6)(2OH)-C2H8NO3P', 'CAEP(d35:6)(2OH)-2H2O', 'CAEP(d35:6)(2OH)-2H2O'] | J605: 199.1474 | K605: 75 | L605: 1 | Q605: =VLOOKUP(G605,'[1]算法匹配所有结果汇总(保留时间未归一）'!$H:$O,8,0) -> 6
A606: 56 | B606: CAEP(d14:3/21:4) | C606: 647.4587 | D606: 0.5 | E606: CAEP(d35:7) | F606: 11.478 | G606: [240.1927, 629.4434, 204.1709, 222.1838] | H606: [308.0312, 196.3472, 59.0, 44.0833] | I606: ['d14:3+2OH', 'CAEP(d35:7)-1H2O', 'd14:3', 'd14:3+OH'] | J606: 607.4617 | K606: 40 | L606: 0.59 | Q606: =VLOOKUP(G606,'[1]算法匹配所有结果汇总(保留时间未归一）'!$H:$O,8,0) -> 1
A607: 97 | B607: CAEP(d14:3/25:4) | C607: 703.5164 | D607: 0.5 | E607: CAEP(d39:7) | F607: 6.942 | G607: [685.4972, 204.1732, 240.1965, 667.4903] | H607: [540.1639, 237.2426, 170.4133, 86.125] | I607: ['CAEP(d39:7)-1H2O', 'd14:3', 'd14:3+2OH', 'CAEP(d39:7)-2H2O'] | J607: 1033.9448 | K607: 50 | L607: 1 | Q607: =VLOOKUP(G607,'[1]算法匹配所有结果汇总(保留时间未归一）'!$H:$O,8,0) -> 2
A608: 10 | B608: CAEP(d14:4/12:1) | C608: 525.3441 | D608: 0.88 | E608: CAEP(d26:5) | F608: 3.418 | G608: [507.3351, 126.0333, 202.1594, 489.3279, 220.1698, 238.1808, 400.3121] | H608: [886.3094, 413.6825, 325.0994, 305.1225, 201.9469, 182.656, 173.0513] | I608: ['CAEP(d26:5)-1H2O', '[C2H8NO3P+H]+', 'd14:4', 'CAEP(d26:5)-2H2O', 'd14:4+OH', 'd14:4+2OH', 'CAEP(d26:5)-C2H8NO3P'] | J608: 2487.868 | K608: 70.4 | L608: 0.93 | Q608: =VLOOKUP(G608,'[1]算法匹配所有结果汇总(保留时间未归一）'!$H:$O,8,0) -> 5
A609: 192 | B609: CAEP(d14:4/40:2) | C609: 915.7619 | D609: 0.5 | E609: CAEP(d54:6) | F609: 10.782 | G609: [897.7521, 897.7521, 220.1712, 202.1607] | H609: [945.3245, 945.3245, 641.8412, 160.625] | I609: ['CAEP(d54:6)-1H2O', 'CAEP(d54:6)-1H2O', 'd14:4+OH', 'd14:4'] | J609: 2693.1152 | K609: 50 | L609: 1 | Q609: =VLOOKUP(G609,'[1]算法匹配所有结果汇总(保留时间未归一）'!$H:$O,8,0) -> 1
A610: 38 | B610: CAEP(d15:3/20:3)(2OH) | C610: 665.4654 | D610: 0.75 | E610: CAEP(d35:6)(2OH) | F610: 12.46 | G610: [647.4542, 647.4542, 540.4346, 540.4346, 629.4525, 629.4525] | H610: [41.2404, 41.2404, 37.0833, 37.0833, 21.25, 21.25] | I610: ['CAEP(d35:6)(2OH)-1H2O', 'CAEP(d35:6)(2OH)-1H2O', 'CAEP(d35:6)(2OH)-C2H8NO3P', 'CAEP(d35:6)(2OH)-C2H8NO3P', 'CAEP(d35:6)(2OH)-2H2O', 'CAEP(d35:6)(2OH)-2H2O'] | J610: 199.1474 | K610: 75 | L610: 1 | Q610: =VLOOKUP(G610,'[1]算法匹配所有结果汇总(保留时间未归一）'!$H:$O,8,0) -> 6
A611: 54 | B611: CAEP(d15:3/20:4) | C611: 647.4586 | D611: 0.38 | E611: CAEP(d35:7) | F611: 15.038 | G611: [218.1885, 254.2107, 236.1996] | H611: [230.4444, 49.0625, 26.25] | I611: ['d15:3', 'd15:3+2OH', 'd15:3+OH'] | J611: 305.7569 | K611: 38 | L611: 1 | Q611: =VLOOKUP(G611,'[1]算法匹配所有结果汇总(保留时间未归一）'!$H:$O,8,0) -> 1
A612: 39 | B612: CAEP(d15:4/20:2)(2OH) | C612: 665.4654 | D612: 0.75 | E612: CAEP(d35:6)(2OH) | F612: 12.46 | G612: [647.4542, 647.4542, 540.4346, 540.4346, 629.4525, 629.4525] | H612: [41.2404, 41.2404, 37.0833, 37.0833, 21.25, 21.25] | I612: ['CAEP(d35:6)(2OH)-1H2O', 'CAEP(d35:6)(2OH)-1H2O', 'CAEP(d35:6)(2OH)-C2H8NO3P', 'CAEP(d35:6)(2OH)-C2H8NO3P', 'CAEP(d35:6)(2OH)-2H2O', 'CAEP(d35:6)(2OH)-2H2O'] | J612: 199.1474 | K612: 75 | L612: 1 | Q612: =VLOOKUP(G612,'[1]算法匹配所有结果汇总(保留时间未归一）'!$H:$O,8,0) -> 6
A613: 24 | B613: CAEP(d16:3/14:0)(2OH) | C613: 601.4384 | D613: 0.38 | E613: CAEP(d30:3)(2OH) | F613: 4.871 | G613: [250.2151, 268.2267, 583.4347] | H613: [1137.0951, 267.2656, 133.5956] | I613: ['d16:3+OH', 'd16:3+2OH', 'CAEP(d30:3)(2OH)-1H2O'] | J613: 1537.9563 | K613: 34.2 | L613: 0.82 | Q613: =VLOOKUP(G613,'[1]算法匹配所有结果汇总(保留时间未归一）'!$H:$O,8,0) -> 4
A614: 41 | B614: CAEP(d17:2/10:4)(2OH) | C614: 553.342 | D614: 0.62 | E614: CAEP(d27:6)(2OH) | F614: 8.117 | G614: [266.246, 248.2363, 284.2605, 535.3257, 517.3156] | H614: [4027.4604, 2861.3145, 668.1827, 72.0, 41.5] | I614: ['d17:2+OH', 'd17:2', 'd17:2+2OH', 'CAEP(d27:6)(2OH)-1H2O', 'CAEP(d27:6)(2OH)-2H2O'] | J614: 7670.4576 | K614: 55.8 | L614: 1 | Q614: =VLOOKUP(G614,'[1]算法匹配所有结果汇总(保留时间未归一）'!$H:$O,8,0) -> 1
... A2255: 94 | B2255: type I B antigen(d30:3/15:4) | C2255: 1677.9436 | D2255: 0.38 | E2255: type I B antigen(d45:7) | F2255: 6.63 | G2255: [1677.9206, 1189.7749, 1351.8056, 1659.9246, 1513.8616, 464.4493, 1497.8731, 1515.8697] | H2255: [36367.4805, 324.8064, 227.1739, 91.1008, 53.0865, 42.05, 40.75, 30.375] | I2255: ['type I B antigen(d45:7)', 'type I B antigen(d45:7)-Gal-Fuc-Gal-H2O', 'type I B antigen(d45:7)-Gal-Fuc-H2O', 'type I B antigen(d45:7)-1H2O', 'type I B antigen(d45:7)-Fuc-H2O', 'd30:3+2OH', 'type I B antigen(d45:7)-Gal-H2O', 'type I B antigen(d45:7)-Gal'] | J2255: 37176.823 | K2255: 38 | L2255: 1 | Q2255: =VLOOKUP(G2255,'[1]算法匹配所有结果汇总(保留时间未归一）'!$H:$O,8,0) -> 6
A2256: 31 | B2256: Cer(d18:0/15:0) | C2256: 526.5187 | D2256: 0.5 | E2256: Cer(d33:0) | F2256: 7.51 | G2256: [508.5104, 266.2801, 490.4904] | H2256: [128.0476, 81.4706, 24.0833] | I2256: ['Cer(d33:0)-1H2O', 'd18:0', 'Cer(d33:0)-2H2O'] | J2256: 233.6015 | K2256: 45 | L2256: 0.94
A2257: 172 | B2257: PGCer(d18:1/35:2) | C2257: 954.7875 | D2257: 0.5 | E2257: PGCer(d53:3) | F2257: 13.191 | G2257: [936.7813, 918.7641, 300.2896, 782.7698, 264.2716] | H2257: [97.898, 75.3472, 48.0, 30.875, 28.1607] | I2257: ['PGCer(d53:3)-1H2O', 'PGCer(d53:3)-2H2O', 'd18:1+2OH', 'PGCer(d53:3)-phosphoglycerol', 'd18:1'] | J2257: 280.2809 | K2257: 35 | L2257: 0.4
A2258: 188 | B2258: PECer(d18:1/34:3) | C2258: 907.7633 | D2258: 0.44 | E2258: PECer(d52:4) | F2258: 16.511 | G2258: [264.2678, 282.275, 889.761, 300.2859] | H2258: [181.4083, 95.45, 27.0, 27.0] | I2258: ['d18:1', 'd18:1+OH', 'PECer(d52:4)-1H2O', 'd18:1+2OH'] | J2258: 330.8583 | K2258: 39.6 | L2258: 0.49
A2259: 17 | B2259: PECer(d18:2/11:4)(2OH) | C2259: 597.3692 | D2259: 0.44 | E2259: PECer(d29:6)(2OH) | F2259: 5.717 | G2259: [456.3416, 280.2625, 262.2548, 579.3674] | H2259: [169.05, 81.125, 50.45, 42.0833] | I2259: ['PECer(d29:6)(2OH)-phosphoethanolamine', 'd18:2+OH', 'd18:2', 'PECer(d29:6)(2OH)-1H2O'] | J2259: 342.7083 | K2259: 39.6 | L2259: 0.57
A2260: 211 | B2260: FMC-1(d18:4/35:4) | C2260: 994.7703 | D2260: 0.36 | E2260: FMC-1(d53:8) | F2260: 13.625 | G2260: [294.246, 258.2223, 976.7517, 958.7496] | H2260: [165.5156, 101.25, 51.2083, 39.4712] | I2260: ['d18:4+2OH', 'd18:4', 'FMC-1(d53:8)-1H2O', 'FMC-1(d53:8)-2H2O'] | J2260: 357.4451 | K2260: 32.4 | L2260: 0.94
A2261: 21 | B2261: Cer(d18:2/13:2) | C2261: 490.4269 | D2261: 0.5 | E2261: Cer(d31:4) | F2261: 8.891 | G2261: [280.2595, 298.2747, 262.253] | H2261: [129.3472, 124.25, 112.5] | I2261: ['d18:2+OH', 'd18:2+2OH', 'd18:2'] | J2261: 366.0972 | K2261: 45 | L2261: 0.89
A2262: 22 | B2262: Cer(d18:2/15:3)(2OH) | C2262: 532.4397 | D2262: 0.5 | E2262: Cer(d33:5)(2OH) | F2262: 8.932 | G2262: [280.2617, 298.2727, 496.4188] | H2262: [222.4402, 119.2857, 48.0] | I2262: ['d18:2+OH', 'd18:2+2OH', 'Cer(d33:5)(2OH)-2H2O'] | J2262: 389.7259 | K2262: 40 | L2262: 0.92
A2263: 85 | B2263: Cer(d18:3/25:4) | C2263: 652.5677 | D2263: 0.83 | E2263: Cer(d43:7) | F2263: 7.711 | G2263: [296.2638, 634.5617, 260.2413, 616.5468, 278.2506] | H2263: [192.0, 121.1111, 74.125, 38.1667, 25.0] | I2263: ['d18:3+2OH', 'Cer(d43:7)-1H2O', 'd18:3', 'Cer(d43:7)-2H2O', 'd18:3+OH'] | J2263: 450.4028 | K2263: 58.1 | L2263: 0.34
A2264: 67 | B2264: PICer(d18:3/17:4)(2OH) | C2264: 798.4498 | D2264: 0.44 | E2264: PICer(d35:7)(2OH) | F2264: 5.556 | G2264: [296.2593, 278.2489, 636.3911, 780.4313] | H2264: [213.4083, 163.025, 58.0, 20.25] | I2264: ['d18:3+2OH', 'd18:3+OH', 'PICer(d35:7)(2OH)-C6H10O5', 'PICer(d35:7)(2OH)-1H2O'] | J2264: 454.6833 | K2264: 35.2 | L2264: 0.67
A2265: 172 | B2265: FMC-6(d18:4/23:0) | C2265: 1018.6854 | D2265: 0.36 | E2265: FMC-6(d41:4) | F2265: 10.51 | G2265: [294.2408, 958.679, 276.2278, 1000.6794] | H2265: [206.875, 112.5, 70.25, 66.0865] | I2265: ['d18:4+2OH', 'FMC-6(d41:4)-HOAc', 'd18:4+OH', 'FMC-6(d41:4)-1H2O'] | J2265: 455.7115 | K2265: 32.4 | L2265: 0.03
A2266: 172 | B2266: CerP(d18:1/37:1) | C2266: 910.8046 | D2266: 0.44 | E2266: CerP(d55:2) | F2266: 10.137 | G2266: [282.2826, 264.2702, 892.7969, 300.2843] | H2266: [186.6421, 175.0, 76.5, 55.0312] | I2266: ['d18:1+OH', 'd18:1', 'CerP(d55:2)-1H2O', 'd18:1+2OH'] | J2266: 493.1733 | K2266: 35.2
A2267: 81 | B2267: FMC-2(d18:0/26:2) | C2267: 896.7207 | D2267: 0.36 | E2267: FMC-2(d44:2) | F2267: 16.66 | G2267: [284.2896, 878.722, 266.2843, 656.6697] | H2267: [259.2426, 163.0227, 43.0357, 29.25] | I2267: ['d18:0+OH', 'FMC-2(d44:2)-1H2O', 'd18:0', 'FMC-2(d44:2)-Gal-H2O-HOAc'] | J2267: 494.551 | K2267: 28.8 | L2267: 0.14
A2268: 80 | B2268: FMC-3(d18:0/24:1) | C2268: 896.7207 | D2268: 0.36 | E2268: FMC-3(d42:1) | F2268: 16.66 | G2268: [284.2896, 878.722, 614.6418, 266.2843] | H2268: [259.2426, 163.0227, 51.05, 43.0357] | I2268: ['d18:0+OH', 'FMC-3(d42:1)-1H2O', 'FMC-3(d42:1)-Gal_OAc-H2O-HOAc', 'd18:0'] | J2268: 516.351 | K2268: 32.4 | L2268: 0.14
A2269: 109 | B2269: CAEP(d18:3/17:4)(2OH) | C2269: 663.4535 | D2269: 0.5 | E2269: CAEP(d35:7)(2OH) | F2269: 11.843 | G2269: [296.2603, 260.2407, 538.4331, 278.2489] | H2269: [246.375, 159.0833, 87.45, 36.1023] | I2269: ['d18:3+2OH', 'd18:3', 'CAEP(d35:7)(2OH)-C2H8NO3P', 'd18:3+OH'] | J2269: 529.0106 | K2269: 35 | L2269: 0.71
A2270: 111 | B2270: PECer(d18:0/25:2)(2OH) | C2270: 801.65 | D2270: 0.56 | E2270: PECer(d43:2)(2OH) | F2270: 13.008 | G2270: [266.2835, 284.2967, 660.6236, 765.6263, 783.6448] | H2270: [277.0179, 162.0, 48.375, 36.0833, 23.0] | I2270: ['d18:0', 'd18:0+OH', 'PECer(d43:2)(2OH)-phosphoethanolamine', 'PECer(d43:2)(2OH)-2H2O', 'PECer(d43:2)(2OH)-1H2O'] | J2270: 546.4762 | K2270: 44.8 | L2270: 0.79
A2271: 17 | B2271: FMC-3(d18:2/13:0) | C2271: 740.5276 | D2271: 0.36 | E2271: FMC-3(d31:2) | F2271: 7.436 | G2271: [280.2643, 298.2729, 262.255, 476.4562] | H2271: [210.75, 198.0, 112.25, 26.5] | I2271: ['d18:2+OH', 'd18:2+2OH', 'd18:2', 'FMC-3(d31:2)-Gal_OAc-HOAc'] | J2271: 547.5 | K2271: 32.4 | L2271: 0.99
A2272: 201 | B2272: FMC-5(d18:1/16:0) | C2272: 910.6227 | D2272: 0.36 | E2272: FMC-5(d34:1) | F2272: 6.987 | G2272: [282.2764, 264.2653, 874.5926, 850.6086] | H2272: [259.225, 177.0312, 74.625, 40.0662] | I2272: ['d18:1+OH', 'd18:1', 'FMC-5(d34:1)-2H2O', 'FMC-5(d34:1)-HOAc'] | J2272: 550.9474 | K2272: 32.4 | L2272: 0.91
A2273: 137 | B2273: Cer(d18:3/30:4) | C2273: 722.6443 | D2273: 0.5 | E2273: Cer(d48:7) | F2273: 15.361 | G2273: [260.2424, 704.6249, 686.6104] | H2273: [538.7772, 37.125, 28.0833] | I2273: ['d18:3', 'Cer(d48:7)-1H2O', 'Cer(d48:7)-2H2O'] | J2273: 603.9855 | K2273: 50 | L2273: 1
A2274: 20 | B2274: N-methylCAEP(d18:1/17:4) | C2274: 665.5024 | D2274: 0.38 | E2274: N-methylCAEP(d35:5) | F2274: 12.288 | G2274: [282.2815, 264.2655, 526.4649] | H2274: [437.0477, 129.1667, 41.0833] | I2274: ['d18:1+OH', 'd18:1', 'N-methylCAEP(d35:5)-C3H10NO3P'] | J2274: 607.2977 | K2274: 30.4 | L2274: 0.77
A2275: 48 | B2275: SM(d18:2/14:0)(2OH) | C2275: 689.5227 | D2275: 0.36 | E2275: SM(d32:2)(2OH) | F2275: 4.398 | G2275: [671.5072, 262.2499, 630.4458, 298.2727] | H2275: [256.0321, 169.0536, 135.05, 65.3214] | I2275: ['SM(d32:2)(2OH)-1H2O', 'd18:2', 'SM(d32:2)(2OH)-C3H9N', 'd18:2+2OH'] | J2275: 625.4571 | K2275: 32.4 | L2275: 0.88
A2276: 212 | B2276: SM(d18:2/31:0)(2OH) | C2276: 927.7862 | D2276: 0.36 | E2276: SM(d49:2)(2OH) | F2276: 7.081 | G2276: [891.7643, 298.2745, 909.7788, 280.2689] | H2276: [276.6352, 176.9423, 143.125, 30.375] | I2276: ['SM(d49:2)(2OH)-2H2O', 'd18:2+2OH', 'SM(d49:2)(2OH)-1H2O', 'd18:2+OH'] | J2276: 627.0775 | K2276: 36 | L2276: 1
A2277: 36 | B2277: CerP(d18:2/24:3)(2OH) | C2277: 738.5501 | D2277: 0.44 | E2277: CerP(d42:5)(2OH) | F2277: 8.766 | G2277: [262.2563, 298.277, 280.2631, 640.5747] | H2277: [228.1645, 211.1875, 118.0, 99.7788] | I2277: ['d18:2', 'd18:2+2OH', 'd18:2+OH', 'CerP(d42:5)(2OH)-H3PO4'] | J2277: 657.1308 | K2277: 39.6 | L2277: 0.49
A2278: 207 | B2278: CAEP(d18:4/36:2) | C2278: 915.7617 | D2278: 0.75 | E2278: CAEP(d54:6) | F2278: 10.019 | G2278: [276.2322, 897.7622, 879.7485, 790.7239, 294.248, 258.2221] | H2278: [314.0592, 121.0278, 88.875, 75.375, 42.875, 42.375] | I2278: ['d18:4+OH', 'CAEP(d54:6)-1H2O', 'CAEP(d54:6)-2H2O', 'CAEP(d54:6)-C2H8NO3P', 'd18:4+2OH', 'd18:4'] | J2278: 684.587 | K2278: 45 | L2278: 0.28
... A2327: 68 | B2327: SM(d18:1/17:0)(2OH) | C2327: 733.584 | D2327: 0.64 | E2327: SM(d35:1)(2OH) | F2327: 6.967 | G2327: [184.0733, 104.1069, 715.5673, 282.2797, 264.2667, 300.2894, 550.5172] | H2327: [171595.4844, 17132.9043, 2580.0598, 2386.3699, 1476.1222, 907.8843, 191.8017] | I2327: ['[phosphocholine+H]+', 'P-O断裂', 'SM(d35:1)(2OH)-1H2O', 'd18:1+OH', 'd18:1', 'd18:1+2OH', 'SM(d35:1)(2OH)-C5H14NO4P'] | J2327: 196270.63 | K2327: 44.8 | L2327: 0.97

Sheet 标准品
A1: 28 | D1: 12 | E1: M+H | F1: 12
A2: So(d18:1) | D2: =VLOOKUP(A2,最终版!B:F,1,0) -> So(d18:1) | E2: 300.2897 | F2: So(dx:1) | G2: =VLOOKUP(F2,最终版!M:Q,1,0) -> #N/A
A3: So(d17:0) | D3: =VLOOKUP(A3,最终版!B:F,1,0) -> #N/A | E3: 288.2897 | F3: So(dx:0) | G3: =VLOOKUP(F3,最终版!M:Q,1,0) -> So(dx:0) | H3: 有峰打一次二级看看 | I3: 直接加上
A4: So(d18:0) | D4: =VLOOKUP(A4,最终版!B:F,1,0) -> So(d18:0) | E4: 302.3054 | F4: So(dx:0) | G4: =VLOOKUP(F4,最终版!M:Q,1,0) -> So(dx:0)
A5: So(d20:0) | D5: =VLOOKUP(A5,最终版!B:F,1,0) -> #N/A | E5: 330.3367 | F5: So(dx:0) | G5: =VLOOKUP(F5,最终版!M:Q,1,0) -> So(dx:0) | H5: 无
A6: Cer(d18:1/24:0)(20H) | D6: =VLOOKUP(A6,最终版!B:F,1,0) -> #N/A | E6: 666.6395 | F6: Cer(d18:1/x:0)(20H) | G6: =VLOOKUP(F6,最终版!M:Q,1,0) -> #N/A | H6: 无
A7: Cer(d18:0/14:0) | D7: =VLOOKUP(A7,最终版!B:F,1,0) -> Cer(d18:0/14:0) | E7: 512.5037 | F7: Cer(d18:0/x:0) | G7: =VLOOKUP(F7,最终版!M:Q,1,0) -> Cer(d18:0/x:0)
A8: Cer(d18:0/16:0) | D8: =VLOOKUP(A8,最终版!B:F,1,0) -> Cer(d18:0/16:0) | E8: 540.535 | F8: Cer(d18:0/x:0) | G8: =VLOOKUP(F8,最终版!M:Q,1,0) -> Cer(d18:0/x:0)
A9: Cer(d18:0/18:0) | D9: =VLOOKUP(A9,最终版!B:F,1,0) -> Cer(d18:0/18:0) | E9: 568.5663 | F9: Cer(d18:0/x:0) | G9: =VLOOKUP(F9,最终版!M:Q,1,0) -> Cer(d18:0/x:0)
A10: Cer(d18:0/24:0) | D10: =VLOOKUP(A10,最终版!B:F,1,0) -> #N/A | E10: 652.6602 | F10: Cer(d18:0/x:0) | G10: =VLOOKUP(F10,最终版!M:Q,1,0) -> Cer(d18:0/x:0)
A11: Cer(d18:1/14:0) | D11: =VLOOKUP(A11,最终版!B:F,1,0) -> #N/A | E11: 510.4881 | F11: Cer(d18:1/x:0) | G11: =VLOOKUP(F11,最终版!M:Q,1,0) -> Cer(d18:1/x:0) | H11: 有峰打一次二级看看 | I11: 直接加上
A12: Cer(d18:1/16:0) | D12: =VLOOKUP(A12,最终版!B:F,1,0) -> Cer(d18:1/16:0) | E12: 538.5194 | F12: Cer(d18:1/x:0) | G12: =VLOOKUP(F12,最终版!M:Q,1,0) -> Cer(d18:1/x:0)
A13: Cer(d18:1/18:0) | D13: =VLOOKUP(A13,最终版!B:F,1,0) -> #N/A | E13: 566.5507 | F13: Cer(d18:1/x:0) | G13: =VLOOKUP(F13,最终版!M:Q,1,0) -> Cer(d18:1/x:0) | H13: 有峰打一次二级看看 | I13: 直接加上
A14: Cer(d18:1/20:0) | D14: =VLOOKUP(A14,最终版!B:F,1,0) -> #N/A | E14: 594.582 | F14: Cer(d18:1/x:0) | G14: =VLOOKUP(F14,最终版!M:Q,1,0) -> Cer(d18:1/x:0) | H14: 有峰打一次二级看看 | I14: 直接加上
A15: Cer(d18:1/22:0) | D15: =VLOOKUP(A15,最终版!B:F,1,0) -> Cer(d18:1/22:0) | E15: 622.6133 | F15: Cer(d18:1/x:0) | G15: =VLOOKUP(F15,最终版!M:Q,1,0) -> Cer(d18:1/x:0)
A16: Cer(d18:1/24:0) | D16: =VLOOKUP(A16,最终版!B:F,1,0) -> Cer(d18:1/24:0) | E16: 650.6446 | F16: Cer(d18:1/x:0) | G16: =VLOOKUP(F16,最终版!M:Q,1,0) -> Cer(d18:1/x:0)
A17: CerP(d18:1/24:0) | D17: =VLOOKUP(A17,最终版!B:F,1,0) -> #N/A | E17: 730.6109 | F17: CerP(d18:1/x:0) | G17: =VLOOKUP(F17,最终版!M:Q,1,0) -> #N/A | H17: 无
A18: SM(d18:1/14:0) | D18: =VLOOKUP(A18,最终版!B:F,1,0) -> #N/A | E18: 675.5436 | F18: SM(d18:1/x:0) | G18: =VLOOKUP(F18,最终版!M:Q,1,0) -> #N/A | H18: 有峰打一次二级看看 | I18: 直接加上
A19: SM(d18:1/16:0) | D19: =VLOOKUP(A19,最终版!B:F,1,0) -> #N/A | E19: 703.5749 | F19: SM(d18:1/x:0) | G19: =VLOOKUP(F19,最终版!M:Q,1,0) -> #N/A | H19: 有峰打一次二级看看 | I19: 直接加上
A20: SM(d18:1/18:0) | D20: =VLOOKUP(A20,最终版!B:F,1,0) -> #N/A | E20: 731.6062 | F20: SM(d18:1/x:0) | G20: =VLOOKUP(F20,最终版!M:Q,1,0) -> #N/A | H20: 有峰打一次二级看看 | I20: 直接加上
A21: SM(d18:1/24:0) | D21: =VLOOKUP(A21,最终版!B:F,1,0) -> #N/A | E21: 815.7001 | F21: SM(d18:1/x:0) | G21: =VLOOKUP(F21,最终版!M:Q,1,0) -> #N/A | H21: 有峰打一次二级看看 | I21: 直接加上
A22: HexCer(d18:1/16:0) | D22: =VLOOKUP(A22,最终版!B:F,1,0) -> HexCer(d18:1/16:0) | E22: 700.5722 | F22: HexCer(d18:1/x:0) | G22: =VLOOKUP(F22,最终版!M:Q,1,0) -> HexCer(d18:1/x:0)
A23: HexCer(d18:1/14:0) | D23: =VLOOKUP(A23,最终版!B:F,1,0) -> HexCer(d18:1/14:0) | E23: 672.5409 | F23: HexCer(d18:1/x:0) | G23: =VLOOKUP(F23,最终版!M:Q,1,0) -> HexCer(d18:1/x:0)
A24: HexCer(d18:1/18:0) | D24: =VLOOKUP(A24,最终版!B:F,1,0) -> #N/A | E24: 728.6035 | F24: HexCer(d18:1/x:0) | G24: =VLOOKUP(F24,最终版!M:Q,1,0) -> HexCer(d18:1/x:0) | H24: 无
A25: HexCer(d18:1/20:0) | D25: =VLOOKUP(A25,最终版!B:F,1,0) -> HexCer(d18:1/20:0) | E25: 756.6348 | F25: HexCer(d18:1/x:0) | G25: =VLOOKUP(F25,最终版!M:Q,1,0) -> HexCer(d18:1/x:0)
A26: LacCer(d18:1/18:0) | D26: =VLOOKUP(A26,最终版!B:F,1,0) -> #N/A | E26: 890.6563 | F26: LacCer(d18:1/x:0) | G26: =VLOOKUP(F26,最终版!M:Q,1,0) -> #N/A | H26: 无
A27: Lyso-SM (d18: 1) | D27: =VLOOKUP(A27,最终版!B:F,1,0) -> #N/A | E27: 465.3452 | F27: Lyso-SM (dx: 1) | G27: =VLOOKUP(F27,最终版!M:Q,1,0) -> #N/A | H27: 无
A28: Cer(d18:1/18:1) | D28: =VLOOKUP(A28,最终版!B:F,1,0) -> #N/A | E28: 564.535 | F28: Cer(d18:1/x:1) | G28: =VLOOKUP(F28,最终版!M:Q,1,0) -> #N/A | H28: 无
A29: SM(d18:1/18:1) | D29: =VLOOKUP(A29,最终版!B:F,1,0) -> SM(d18:1/18:1) | E29: 729.5905 | F29: SM(d18:1/x:1) | G29: =VLOOKUP(F29,最终版!M:Q,1,0) -> #N/A

Sheet 饼图
A1: 注释 | B1: 鞘氨醇 | C1: 脂肪酸
A2: M(t14:1/34:2)(2OH) | B2: =IFERROR(MID(A2, FIND("(", A2) + 1, 5), "") -> t14:1 | C2: =IFERROR(MID(A2, FIND("/", A2) + 1, 2), "") -> 34 | E2: 膦酰鞘脂 | F2: 71
A3: M(t18:1/30:2)(2OH) | B3: =IFERROR(MID(A3, FIND("(", A3) + 1, 5), "") -> t18:1 | C3: =IFERROR(MID(A3, FIND("/", A3) + 1, 2), "") -> 30 | E3: 神经酰胺 | F3: 1083
A4: M(t18:1/34:3)(2OH) | B4: =IFERROR(MID(A4, FIND("(", A4) + 1, 5), "") -> t18:1 | C4: =IFERROR(MID(A4, FIND("/", A4) + 1, 2), "") -> 34 | E4: 中性糖鞘脂 | F4: 842
A5: M(t18:1/37:4)(2OH) | B5: =IFERROR(MID(A5, FIND("(", A5) + 1, 5), "") -> t18:1 | C5: =IFERROR(MID(A5, FIND("/", A5) + 1, 2), "") -> 37 | E5: 鞘氨醇 | F5: 71
A6: M(t20:0/35:3)(2OH) | B6: =IFERROR(MID(A6, FIND("(", A6) + 1, 5), "") -> t20:0 | C6: =IFERROR(MID(A6, FIND("/", A6) + 1, 2), "") -> 35 | E6: 酸性糖鞘脂 | F6: 14
A7: M(t23:3/11:4)(2OH) | B7: =IFERROR(MID(A7, FIND("(", A7) + 1, 5), "") -> t23:3 | C7: =IFERROR(MID(A7, FIND("/", A7) + 1, 2), "") -> 11 | E7: 鞘磷脂 | F7: 245
A8: M(t24:3/28:1)(2OH) | B8: =IFERROR(MID(A8, FIND("(", A8) + 1, 5), "") -> t24:3 | C8: =IFERROR(MID(A8, FIND("/", A8) + 1, 2), "") -> 28 | F8: =SUM(F2:F7) -> 2326
A9: CAEP(d14:2/12:3) | B9: =IFERROR(MID(A9, FIND("(", A9) + 1, 5), "") -> d14:2 | C9: =IFERROR(MID(A9, FIND("/", A9) + 1, 2), "") -> 12
A10: CAEP(d14:3/15:0) | B10: =IFERROR(MID(A10, FIND("(", A10) + 1, 5), "") -> d14:3 | C10: =IFERROR(MID(A10, FIND("/", A10) + 1, 2), "") -> 15
A11: CAEP(d14:3/21:3)(2OH) | B11: =IFERROR(MID(A11, FIND("(", A11) + 1, 5), "") -> d14:3 | C11: =IFERROR(MID(A11, FIND("/", A11) + 1, 2), "") -> 21
A12: CAEP(d14:3/21:4) | B12: =IFERROR(MID(A12, FIND("(", A12) + 1, 5), "") -> d14:3 | C12: =IFERROR(MID(A12, FIND("/", A12) + 1, 2), "") -> 21
A13: CAEP(d14:3/25:4) | B13: =IFERROR(MID(A13, FIND("(", A13) + 1, 5), "") -> d14:3 | C13: =IFERROR(MID(A13, FIND("/", A13) + 1, 2), "") -> 25
A14: CAEP(d14:4/12:1) | B14: =IFERROR(MID(A14, FIND("(", A14) + 1, 5), "") -> d14:4 | C14: =IFERROR(MID(A14, FIND("/", A14) + 1, 2), "") -> 12
A15: CAEP(d14:4/40:2) | B15: =IFERROR(MID(A15, FIND("(", A15) + 1, 5), "") -> d14:4 | C15: =IFERROR(MID(A15, FIND("/", A15) + 1, 2), "") -> 40
A16: CAEP(d15:3/20:3)(2OH) | B16: =IFERROR(MID(A16, FIND("(", A16) + 1, 5), "") -> d15:3 | C16: =IFERROR(MID(A16, FIND("/", A16) + 1, 2), "") -> 20
A17: CAEP(d15:3/20:4) | B17: =IFERROR(MID(A17, FIND("(", A17) + 1, 5), "") -> d15:3 | C17: =IFERROR(MID(A17, FIND("/", A17) + 1, 2), "") -> 20
A18: CAEP(d15:4/20:2)(2OH) | B18: =IFERROR(MID(A18, FIND("(", A18) + 1, 5), "") -> d15:4 | C18: =IFERROR(MID(A18, FIND("/", A18) + 1, 2), "") -> 20
A19: CAEP(d16:3/14:0)(2OH) | B19: =IFERROR(MID(A19, FIND("(", A19) + 1, 5), "") -> d16:3 | C19: =IFERROR(MID(A19, FIND("/", A19) + 1, 2), "") -> 14
A20: CAEP(d17:2/10:4)(2OH) | B20: =IFERROR(MID(A20, FIND("(", A20) + 1, 5), "") -> d17:2 | C20: =IFERROR(MID(A20, FIND("/", A20) + 1, 2), "") -> 10
... A2255: type I B antigen(d30:3/15:4) | B2255: =IFERROR(MID(A2255, FIND("(", A2255) + 1, 5), "") -> d30:3 | C2255: =IFERROR(MID(A2255, FIND("/", A2255) + 1, 2), "") -> 15
A2256: Cer(d18:0/15:0)
A2257: PGCer(d18:1/35:2)
A2258: PECer(d18:1/34:3)
A2259: PECer(d18:2/11:4)(2OH)
A2260: FMC-1(d18:4/35:4)
A2261: Cer(d18:2/13:2)
A2262: Cer(d18:2/15:3)(2OH)
A2263: Cer(d18:3/25:4)
A2264: PICer(d18:3/17:4)(2OH)
A2265: FMC-6(d18:4/23:0)
A2266: CerP(d18:1/37:1)
A2267: FMC-2(d18:0/26:2)
... A2327: SM(d18:1/17:0)(2OH)

Sheet 不饱和脂肪酸
B1: 鞘氨醇碳数 | C1: 鞘氨醇不饱和度 | D1: 脂肪酸碳数 | E1: 脂肪酸不饱和度
A2: Cer(d18:1/19:2)(dOH) | B2: 18 | C2: 1 | D2: 19 | E2: 2
A3: Cer(d18:1/24:2)(dOH) | B3: 18 | C3: 1 | D3: 24 | E3: 2
A4: Cer(d18:1/25:2)(dOH) | B4: 18 | C4: 1 | D4: 25 | E4: 2
A5: Cer(d18:1/26:2)(dOH) | B5: 18 | C5: 1 | D5: 26 | E5: 2
A6: Cer(t14:0/10:0) | B6: 14 | C6: 0 | D6: 10 | E6: 0
A7: Cer(t14:0/18:0) | B7: 14 | C7: 0 | D7: 18 | E7: 0
A8: Cer(t14:0/19:0) | B8: 14 | C8: 0 | D8: 19 | E8: 0
A9: Cer(t14:0/26:0) | B9: 14 | C9: 0 | D9: 26 | E9: 0
A10: Cer(t18:0/14:0) | B10: 18 | C10: 0 | D10: 14 | E10: 0
A11: Cer(t18:0/15:0) | B11: 18 | C11: 0 | D11: 15 | E11: 0
A12: Cer(t18:0/16:0) | B12: 18 | C12: 0 | D12: 16 | E12: 0
A13: Cer(t18:0/16:1)(2OH) | B13: 18 | C13: 0 | D13: 16 | E13: 1
... A560: SM(t18:1/21:0) | B560: 18 | C560: 1 | D560: 21 | E560: 0
A561: So(d13:2) | B561: 13 | C561: 2
A562: So(d14:0) | B562: 14 | C562: 0
A563: So(d14:2) | B563: 14 | C563: 2
A564: So(d16:0) | B564: 16 | C564: 0
A565: So(d22:2) | B565: 22 | C565: 2
A566: So(d26:0) | B566: 26 | C566: 0
A567: So(t15:2) | B567: 15 | C567: 2
A568: So(t16:0) | B568: 16 | C568: 0
A569: So(t18:0) | B569: 18 | C569: 0
A570: So(t18:1) | B570: 18 | C570: 1
A571: So(t19:2) | B571: 19 | C571: 2
A572: So(t20:0) | B572: 20 | C572: 0
... A580: So1P(t23:1) | B580: 23 | C580: 1
A581: Cer(m15:4/11:1) | B581: 15 | C581: 4 | D581: 11 | E581: 1
A582: Cer(m15:4/31:1) | B582: 15 | C582: 4 | D582: 31 | E582: 1
A583: Cer(m20:2/20:4) | B583: 20 | C583: 2 | D583: 20 | E583: 4
A584: Cer(m20:2/28:4) | B584: 20 | C584: 2 | D584: 28 | E584: 4
A585: Cer(t14:0/41:4)(dOH) | B585: 14 | C585: 0 | D585: 41 | E585: 4
A586: Cer(t14:0/42:4)(dOH) | B586: 14 | C586: 0 | D586: 42 | E586: 4
A587: Cer(t18:2/16:4)(dOH) | B587: 18 | C587: 2 | D587: 16 | E587: 4
A588: Cer(t18:2/38:4)(dOH) | B588: 18 | C588: 2 | D588: 38 | E588: 4
A589: Cer(t21:0/15:0)(2OH) | B589: 21 | C589: 0 | D589: 15 | E589: 0
A590: Cer(t21:0/18:0)(2OH) | B590: 21 | C590: 0 | D590: 18 | E590: 0
A591: HexCer(t14:0/25:4)(OH) | B591: 14 | C591: 0 | D591: 25 | E591: 4
A592: HexCer(t14:0/45:4)(OH) | B592: 14 | C592: 0 | D592: 45 | E592: 4
... A1401: Gb3(d24:4/13:3) | B1401: 24 | C1401: 4 | D1401: 13 | E1401: 3
A1402: Gb3So(d19:2) | B1402: 19 | C1402: 2
A1403: Gb3So(d20:5) | B1403: 20 | C1403: 5
A1404: GlcNAcManGlcCer(d14:2/31:3) | B1404: 14 | C1404: 2 | D1404: 31 | E1404: 3
A1405: GlcNAcManGlcCer(d18:3/19:1) | B1405: 18 | C1405: 3 | D1405: 19 | E1405: 1
A1406: GlcSo(d13:2) | B1406: 13 | C1406: 2
A1407: GlcSo(d14:2) | B1407: 14 | C1407: 2
A1408: GlcSo(d17:3) | B1408: 17 | C1408: 3
A1409: Globoside I(d18:1/18:3) | B1409: 18 | C1409: 1 | D1409: 18 | E1409: 3
A1410: HexCer(d14:0/10:3) | B1410: 14 | C1410: 0 | D1410: 10 | E1410: 3
A1411: HexCer(d14:0/11:1) | B1411: 14 | C1411: 0 | D1411: 11 | E1411: 1
A1412: HexCer(d14:0/12:2)(OH) | B1412: 14 | C1412: 0 | D1412: 12 | E1412: 2
A1413: HexCer(d14:1/10:1) | B1413: 14 | C1413: 1 | D1413: 10 | E1413: 1
A1414: HexCer(d14:1/10:2) | B1414: 14 | C1414: 1 | D1414: 10 | E1414: 2
A1415: HexCer(d14:1/11:0) | B1415: 14 | C1415: 1 | D1415: 11 | E1415: 0
A1416: HexCer(d14:1/11:1) | B1416: 14 | C1416: 1 | D1416: 11 | E1416: 1
A1417: HexCer(d14:1/11:3) | B1417: 14 | C1417: 1 | D1417: 11 | E1417: 3
A1418: HexCer(d14:1/12:1)(OH) | B1418: 14 | C1418: 1 | D1418: 12 | E1418: 1
A1419: HexCer(d14:1/23:3)(OH) | B1419: 14 | C1419: 1 | D1419: 23 | E1419: 3
A1420: HexCer(d14:1/24:0) | B1420: 14 | C1420: 1 | D1420: 24 | E1420: 0
... A1991: LacCer(t24:3/18:0)(OH) | B1991: 24 | C1991: 3 | D1991: 18 | E1991: 0
A1992: Lyso-SM(d14:2) | B1992: 14 | C1992: 2
A1993: Lyso-SM(d15:0) | B1993: 15 | C1993: 0
A1994: Lyso-SM(d18:0) | B1994: 18 | C1994: 0
A1995: Lyso-SM(d26:0) | B1995: 26 | C1995: 0
A1996: Lyso-SM(d28:1) | B1996: 28 | C1996: 1
A1997: Lyso-sulfo(d13:5) | B1997: 13 | C1997: 5
A1998: M(t14:1/34:2)(2OH) | B1998: 14 | C1998: 1 | D1998: 34 | E1998: 2
A1999: M(t18:1/30:2)(2OH) | B1999: 18 | C1999: 1 | D1999: 30 | E1999: 2
A2000: M(t18:1/34:3)(2OH) | B2000: 18 | C2000: 1 | D2000: 34 | E2000: 3
A2001: M(t18:1/37:4)(2OH) | B2001: 18 | C2001: 1 | D2001: 37 | E2001: 4
A2002: M(t20:0/35:3)(2OH) | B2002: 20 | C2002: 0 | D2002: 35 | E2002: 3
A2003: M(t23:3/11:4)(2OH) | B2003: 23 | C2003: 3 | D2003: 11 | E2003: 4
A2004: M(t24:3/28:1)(2OH) | B2004: 24 | C2004: 3 | D2004: 28 | E2004: 1
A2005: MIPC(t14:0/25:0)(2OH) | B2005: 14 | C2005: 0 | D2005: 25 | E2005: 0
A2006: MIPC(t18:0/24:4)(2OH) | B2006: 18 | C2006: 0 | D2006: 24 | E2006: 4
A2007: MIPC(t18:0/29:2)(2OH) | B2007: 18 | C2007: 0 | D2007: 29 | E2007: 2
A2008: MIPC(t18:0/30:2)(2OH) | B2008: 18 | C2008: 0 | D2008: 30 | E2008: 2
A2009: MIPC(t18:1/29:1)(2OH) | B2009: 18 | C2009: 1 | D2009: 29 | E2009: 1
... A2012: MIPC(t24:4/18:2)(2OH) | B2012: 24 | C2012: 4 | D2012: 18 | E2012: 2
A2013: N,N,N-trimethylSo(d16:2) | B2013: 16 | C2013: 2
A2014: N,N,N-trimethylSo(d16:4) | B2014: 16 | C2014: 4
A2015: N,N,N-trimethylSo(d18:1) | B2015: 18 | C2015: 1
A2016: N,N,N-trimethylSo(d22:4) | B2016: 22 | C2016: 4
A2017: N,N,N-trimethylSo(d23:2) | B2017: 23 | C2017: 2
A2018: N,N,N-trimethylSo(d26:3) | B2018: 26 | C2018: 3
A2019: N,N-dimethylSo(d13:1) | B2019: 13 | C2019: 1
A2020: N,N-dimethylSo(d14:1) | B2020: 14 | C2020: 1
A2021: N,N-dimethylSo(d16:1) | B2021: 16 | C2021: 1
A2022: N,N-dimethylSo(d18:4) | B2022: 18 | C2022: 4
A2023: N,N-dimethylSo(d20:2) | B2023: 20 | C2023: 2
A2024: N,N-dimethylSo(d20:3) | B2024: 20 | C2024: 3
... A2027: N,N-dimethylSo(d22:1) | B2027: 22 | C2027: 1
A2028: N-methylCAEP(d14:4/37:0) | B2028: 14 | C2028: 4 | D2028: 37 | E2028: 0
A2029: N-methylCAEP(d16:3/18:4) | B2029: 16 | C2029: 3 | D2029: 18 | E2029: 4
A2030: N-methylCAEP(d17:3/52:3) | B2030: 17 | C2030: 3 | D2030: 52 | E2030: 3
A2031: N-methylCAEP(d17:4/20:3) | B2031: 17 | C2031: 4 | D2031: 20 | E2031: 3
A2032: N-methylCAEP(d18:1/33:2) | B2032: 18 | C2032: 1 | D2032: 33 | E2032: 2
A2033: N-methylCAEP(d18:1/35:4) | B2033: 18 | C2033: 1 | D2033: 35 | E2033: 4
A2034: N-methylCAEP(d19:4/18:3) | B2034: 19 | C2034: 4 | D2034: 18 | E2034: 3
A2035: N-methylCAEP(d20:1/15:4) | B2035: 20 | C2035: 1 | D2035: 15 | E2035: 4
...
